-- *******************************************************************************************
-- **  File:  data_01.sql
-- **  Created: 26-05-2022
-- **
-- **  History:
-- **  26-05-2022: Initial version
-- **
-- *******************************************************************************************

SET FOREIGN_KEY_CHECKS = 0;

INSERT INTO employee (id, title, first_name, last_name, date_of_birth, hire_date, address, city, state, country, post_code, phone, fax, email, manager_id) VALUES (1, 'General Manager', 'Andrew', 'Adams', '1962-02-18', '2002-08-14', '11120 Jasper Ave NW', 'Edmonton', 'AB', 'Canada', 'T5K 2N1', '+1 (780) 428-9482', '+1 (780) 428-3457', 'andrew@chinookcorp.com', 6);
INSERT INTO employee (id, title, first_name, last_name, date_of_birth, hire_date, address, city, state, country, post_code, phone, fax, email, manager_id) VALUES (2, 'Sales Manager', 'Nancy', 'Edwards', '1958-12-08', '2002-05-01', '825 8 Ave SW', 'Calgary', 'AB', 'Canada', 'T2P 2T3', '+1 (403) 262-3443', '+1 (403) 262-3322', 'nancy@chinookcorp.com', 1);
INSERT INTO employee (id, title, first_name, last_name, date_of_birth, hire_date, address, city, state, country, post_code, phone, fax, email, manager_id) VALUES (3, 'Sales Support Agent', 'Jane', 'Peacock', '1973-08-29', '2002-04-01', '1111 6 Ave SW', 'Calgary', 'AB', 'Canada', 'T2P 5M5', '+1 (403) 262-3443', '+1 (403) 262-6712', 'jane@chinookcorp.com', 2);
INSERT INTO employee (id, title, first_name, last_name, date_of_birth, hire_date, address, city, state, country, post_code, phone, fax, email, manager_id) VALUES (4, 'Sales Support Agent', 'Margaret', 'Park', '1947-09-19', '2003-05-03', '683 10 Street SW', 'Calgary', 'AB', 'Canada', 'T2P 5G3', '+1 (403) 263-4423', '+1 (403) 263-4289', 'margaret@chinookcorp.com', 2);
INSERT INTO employee (id, title, first_name, last_name, date_of_birth, hire_date, address, city, state, country, post_code, phone, fax, email, manager_id) VALUES (5, 'Sales Support Agent', 'Steve', 'Johnson', '1965-03-03', '2003-10-17', '7727B 41 Ave', 'Calgary', 'AB', 'Canada', 'T3B 1Y7', '1 (780) 836-9987', '1 (780) 836-9543', 'steve@chinookcorp.com', 2);
INSERT INTO employee (id, title, first_name, last_name, date_of_birth, hire_date, address, city, state, country, post_code, phone, fax, email, manager_id) VALUES (6, 'IT Manager', 'Michael', 'Mitchell', '1973-07-01', '2003-10-17', '5827 Bowness Road NW', 'Calgary', 'AB', 'Canada', 'T3B 0C5', '+1 (403) 246-9887', '+1 (403) 246-9899', 'michael@chinookcorp.com', 1);
INSERT INTO employee (id, title, first_name, last_name, date_of_birth, hire_date, address, city, state, country, post_code, phone, fax, email, manager_id) VALUES (7, 'IT Staff', 'Robert', 'King', '1970-05-29', '2004-01-02', '590 Columbia Boulevard West', 'Lethbridge', 'AB', 'Canada', 'T1K 5N8', '+1 (403) 456-9986', '+1 (403) 456-8485', 'robert@chinookcorp.com', 6);
INSERT INTO employee (id, title, first_name, last_name, date_of_birth, hire_date, address, city, state, country, post_code, phone, fax, email, manager_id) VALUES (8, 'IT Staff', 'Laura', 'Callahan', '1968-01-09', '2004-03-04', '923 7 ST NW', 'Lethbridge', 'AB', 'Canada', 'T1H 1Y8', '+1 (403) 467-3351', '+1 (403) 467-8772', 'laura@chinookcorp.com', 6);

SET FOREIGN_KEY_CHECKS = 1;

INSERT INTO customer (id, title, first_name, last_name, address, city, state, country, post_code, phone, fax, email, employee_id) VALUES (1, 'Mrs.', 'Luís', 'Gonçalves', 'Av. Brigadeiro Faria Lima, 2170', 'São José dos Campos', 'SP', 'Brazil', '12227-000', '+55 (12) 3923-5555', '+55 (12) 3923-5566', 'luisg@embraer.com.br', 3);
INSERT INTO customer (id, title, first_name, last_name, address, city, state, country, post_code, phone, fax, email, employee_id) VALUES (2, 'Mrs.', 'Leonie', 'Köhler', 'Theodor-Heuss-Straße 34', 'Stuttgart', null, 'Germany', '70174', '+49 0711 2842222', null, 'leonekohler@surfeu.de', 5);
INSERT INTO customer (id, title, first_name, last_name, address, city, state, country, post_code, phone, fax, email, employee_id) VALUES (3, 'Mr.', 'François', 'Tremblay', '1498 rue Bélanger', 'Montréal', 'QC', 'Canada', 'H2G 1A7', '+1 (514) 721-4711', null, 'ftremblay@gmail.com', 3);
INSERT INTO customer (id, title, first_name, last_name, address, city, state, country, post_code, phone, fax, email, employee_id) VALUES (4, 'Mr.', 'Bjørn', 'Hansen', 'Ullevålsveien 14', 'Oslo', null, 'Norway', '0171', '+47 22 44 22 22', null, 'bjorn.hansen@yahoo.no', 4);
INSERT INTO customer (id, title, first_name, last_name, address, city, state, country, post_code, phone, fax, email, employee_id) VALUES (5, 'Mrs.', 'František', 'Wichterlová', 'Klanova 9/506', 'Prague', null, 'Czech Republic', '14700', '+420 2 4172 5555', '+420 2 4172 5555', 'frantisekw@jetbrains.com', 4);
INSERT INTO customer (id, title, first_name, last_name, address, city, state, country, post_code, phone, fax, email, employee_id) VALUES (6, 'Mrs.', 'Helena', 'Holý', 'Rilská 3174/6', 'Prague', null, 'Czech Republic', '14300', '+420 2 4177 0449', null, 'hholy@gmail.com', 5);
INSERT INTO customer (id, title, first_name, last_name, address, city, state, country, post_code, phone, fax, email, employee_id) VALUES (7, 'Mrs.', 'Astrid', 'Gruber', 'Rotenturmstraße 4, 1010 Innere Stadt', 'Vienne', null, 'Austria', '1010', '+43 01 5134505', null, 'astrid.gruber@apple.at', 5);
INSERT INTO customer (id, title, first_name, last_name, address, city, state, country, post_code, phone, fax, email, employee_id) VALUES (8, 'Mrs.', 'Daan', 'Peeters', 'Grétrystraat 63', 'Brussels', null, 'Belgium', '1000', '+32 02 219 03 03', null, 'daan_peeters@apple.be', 4);
INSERT INTO customer (id, title, first_name, last_name, address, city, state, country, post_code, phone, fax, email, employee_id) VALUES (9, 'Mrs.', 'Kara', 'Nielsen', 'Sønder Boulevard 51', 'Copenhagen', null, 'Denmark', '1720', '+453 3331 9991', null, 'kara.nielsen@jubii.dk', 4);
INSERT INTO customer (id, title, first_name, last_name, address, city, state, country, post_code, phone, fax, email, employee_id) VALUES (10, 'Mr.', 'Eduardo', 'Martins', 'Rua Dr. Falcão Filho, 155', 'São Paulo', 'SP', 'Brazil', '01007-010', '+55 (11) 3033-5446', '+55 (11) 3033-4564', 'eduardo@woodstock.com.br', 4);
INSERT INTO customer (id, title, first_name, last_name, address, city, state, country, post_code, phone, fax, email, employee_id) VALUES (11, 'Mrs.', 'Alexandre', 'Rocha', 'Av. Paulista, 2022', 'São Paulo', 'SP', 'Brazil', '01310-200', '+55 (11) 3055-3278', '+55 (11) 3055-8131', 'alero@uol.com.br', 5);
INSERT INTO customer (id, title, first_name, last_name, address, city, state, country, post_code, phone, fax, email, employee_id) VALUES (12, 'Mr.', 'Roberto', 'Almeida', 'Praça Pio X, 119', 'Rio de Janeiro', 'RJ', 'Brazil', '20040-020', '+55 (21) 2271-7000', '+55 (21) 2271-7070', 'roberto.almeida@riotur.gov.br', 3);
INSERT INTO customer (id, title, first_name, last_name, address, city, state, country, post_code, phone, fax, email, employee_id) VALUES (13, 'Mr.', 'Fernanda', 'Ramos', 'Qe 7 Bloco G', 'Brasília', 'DF', 'Brazil', '71020-677', '+55 (61) 3363-5547', '+55 (61) 3363-7855', 'fernadaramos4@uol.com.br', 4);
INSERT INTO customer (id, title, first_name, last_name, address, city, state, country, post_code, phone, fax, email, employee_id) VALUES (14, 'Mr.', 'Mark', 'Philips', '8210 111 ST NW', 'Edmonton', 'AB', 'Canada', 'T6G 2C7', '+1 (780) 434-4554', '+1 (780) 434-5565', 'mphilips12@shaw.ca', 5);
INSERT INTO customer (id, title, first_name, last_name, address, city, state, country, post_code, phone, fax, email, employee_id) VALUES (15, 'Mrs.', 'Jennifer', 'Peterson', '700 W Pender Street', 'Vancouver', 'BC', 'Canada', 'V6C 1G8', '+1 (604) 688-2255', '+1 (604) 688-8756', 'jenniferp@rogers.ca', 3);
INSERT INTO customer (id, title, first_name, last_name, address, city, state, country, post_code, phone, fax, email, employee_id) VALUES (16, 'Mr.', 'Frank', 'Harris', '1600 Amphitheatre Parkway', 'Mountain View', 'CA', 'USA', '94043-1351', '+1 (650) 253-0000', '+1 (650) 253-0000', 'fharris@google.com', 4);
INSERT INTO customer (id, title, first_name, last_name, address, city, state, country, post_code, phone, fax, email, employee_id) VALUES (17, 'Mr.', 'Jack', 'Smith', '1 Microsoft Way', 'Redmond', 'WA', 'USA', '98052-8300', '+1 (425) 882-8080', '+1 (425) 882-8081', 'jacksmith@microsoft.com', 5);
INSERT INTO customer (id, title, first_name, last_name, address, city, state, country, post_code, phone, fax, email, employee_id) VALUES (18, 'Mrs.', 'Michelle', 'Brooks', '627 Broadway', 'New York', 'NY', 'USA', '10012-2612', '+1 (212) 221-3546', '+1 (212) 221-4679', 'michelleb@aol.com', 3);
INSERT INTO customer (id, title, first_name, last_name, address, city, state, country, post_code, phone, fax, email, employee_id) VALUES (19, 'Mr.', 'Tim', 'Goyer', '1 Infinite Loop', 'Cupertino', 'CA', 'USA', '95014', '+1 (408) 996-1010', '+1 (408) 996-1011', 'tgoyer@apple.com', 3);
INSERT INTO customer (id, title, first_name, last_name, address, city, state, country, post_code, phone, fax, email, employee_id) VALUES (20, 'Mr.', 'Dan', 'Miller', '541 Del Medio Avenue', 'Mountain View', 'CA', 'USA', '94040-111', '+1 (650) 644-3358', null, 'dmiller@comcast.com', 4);
INSERT INTO customer (id, title, first_name, last_name, address, city, state, country, post_code, phone, fax, email, employee_id) VALUES (21, 'Mrs.', 'Kathy', 'Chase', '801 W 4th Street', 'Reno', 'NV', 'USA', '89503', '+1 (775) 223-7665', null, 'kachase@hotmail.com', 5);
INSERT INTO customer (id, title, first_name, last_name, address, city, state, country, post_code, phone, fax, email, employee_id) VALUES (22, 'Mrs.', 'Heather', 'Leacock', '120 S Orange Ave', 'Orlando', 'FL', 'USA', '32801', '+1 (407) 999-7788', null, 'hleacock@gmail.com', 4);
INSERT INTO customer (id, title, first_name, last_name, address, city, state, country, post_code, phone, fax, email, employee_id) VALUES (23, 'Mr.', 'John', 'Gordon', '69 Salem Street', 'Boston', 'MA', 'USA', '2113', '+1 (617) 522-1333', null, 'johngordon22@yahoo.com', 4);
INSERT INTO customer (id, title, first_name, last_name, address, city, state, country, post_code, phone, fax, email, employee_id) VALUES (24, 'Mr.', 'Frank', 'Ralston', '162 E Superior Street', 'Chicago', 'IL', 'USA', '60611', '+1 (312) 332-3232', null, 'fralston@gmail.com', 3);
INSERT INTO customer (id, title, first_name, last_name, address, city, state, country, post_code, phone, fax, email, employee_id) VALUES (25, 'Mr.', 'Victor', 'Stevens', '319 N. Frances Street', 'Madison', 'WI', 'USA', '53703', '+1 (608) 257-0597', null, 'vstevens@yahoo.com', 5);
INSERT INTO customer (id, title, first_name, last_name, address, city, state, country, post_code, phone, fax, email, employee_id) VALUES (26, 'Mr.', 'Richard', 'Cunningham', '2211 W Berry Street', 'Fort Worth', 'TX', 'USA', '76110', '+1 (817) 924-7272', null, 'ricunningham@hotmail.com', 4);
INSERT INTO customer (id, title, first_name, last_name, address, city, state, country, post_code, phone, fax, email, employee_id) VALUES (27, 'Mr.', 'Patrick', 'Gray', '1033 N Park Ave', 'Tucson', 'AZ', 'USA', '85719', '+1 (520) 622-4200', null, 'patrick.gray@aol.com', 4);
INSERT INTO customer (id, title, first_name, last_name, address, city, state, country, post_code, phone, fax, email, employee_id) VALUES (28, 'Mrs.', 'Julia', 'Barnett', '302 S 700 E', 'Salt Lake city', 'UT', 'USA', '84102', '+1 (801) 531-7272', null, 'jubarnett@gmail.com', 5);
INSERT INTO customer (id, title, first_name, last_name, address, city, state, country, post_code, phone, fax, email, employee_id) VALUES (29, 'Mr.', 'Robert', 'Brown', '796 Dundas Street West', 'Toronto', 'ON', 'Canada', 'M6J 1V1', '+1 (416) 363-8888', null, 'robbrown@shaw.ca', 3);
INSERT INTO customer (id, title, first_name, last_name, address, city, state, country, post_code, phone, fax, email, employee_id) VALUES (30, 'Mr.', 'Edward', 'Francis', '230 Elgin Street', 'Ottawa', 'ON', 'Canada', 'K2P 1L7', '+1 (613) 234-3322', null, 'edfrancis@yachoo.ca', 3);
INSERT INTO customer (id, title, first_name, last_name, address, city, state, country, post_code, phone, fax, email, employee_id) VALUES (31, 'Mrs.', 'Martha', 'Silk', '194A Chain Lake Drive', 'Halifax', 'NS', 'Canada', 'B3S 1C5', '+1 (902) 450-0450', null, 'marthasilk@gmail.com', 5);
INSERT INTO customer (id, title, first_name, last_name, address, city, state, country, post_code, phone, fax, email, employee_id) VALUES (32, 'Mr.', 'Aaron', 'Mitchell', '696 Osborne Street', 'Winnipeg', 'MB', 'Canada', 'R3L 2B9', '+1 (204) 452-6452', null, 'aaronmitchell@yahoo.ca', 4);
INSERT INTO customer (id, title, first_name, last_name, address, city, state, country, post_code, phone, fax, email, employee_id) VALUES (33, 'Mrs.', 'Ellie', 'Sullivan', '5112 48 Street', 'Yellowknife', 'NT', 'Canada', 'X1A 1N6', '+1 (867) 920-2233', null, 'ellie.sullivan@shaw.ca', 3);
INSERT INTO customer (id, title, first_name, last_name, address, city, state, country, post_code, phone, fax, email, employee_id) VALUES (34, 'Mrs.', 'João', 'Fernandes', 'Rua da Assunção 53', 'Lisbon', null, 'Portugal', null, '+351 (213) 466-111', null, 'jfernandes@yahoo.pt', 4);
INSERT INTO customer (id, title, first_name, last_name, address, city, state, country, post_code, phone, fax, email, employee_id) VALUES (35, 'Mrs.', 'Madalena', 'Sampaio', 'Rua dos Campeões Europeus de Viena, 4350', 'Porto', null, 'Portugal', null, '+351 (225) 022-448', null, 'masampaio@sapo.pt', 4);
INSERT INTO customer (id, title, first_name, last_name, address, city, state, country, post_code, phone, fax, email, employee_id) VALUES (36, 'Miss.', 'Hannah', 'Schneider', 'Tauentzienstraße 8', 'Berlin', null, 'Germany', '10789', '+49 030 26550280', null, 'hannah.schneider@yahoo.de', 5);
INSERT INTO customer (id, title, first_name, last_name, address, city, state, country, post_code, phone, fax, email, employee_id) VALUES (37, 'Mr.', 'Fynn', 'Zimmermann', 'Berger Straße 10', 'Frankfurt', null, 'Germany', '60316', '+49 069 40598889', null, 'fzimmermann@yahoo.de', 3);
INSERT INTO customer (id, title, first_name, last_name, address, city, state, country, post_code, phone, fax, email, employee_id) VALUES (38, 'Mr.', 'Niklas', 'Schröder', 'Barbarossastraße 19', 'Berlin', null, 'Germany', '10779', '+49 030 2141444', null, 'nschroder@surfeu.de', 3);
INSERT INTO customer (id, title, first_name, last_name, address, city, state, country, post_code, phone, fax, email, employee_id) VALUES (39, 'Miss.', 'Camille', 'Bernard', '4, Rue Milton', 'Paris', null, 'France', '75009', '+33 01 49 70 65 65', null, 'camille.bernard@yahoo.fr', 4);
INSERT INTO customer (id, title, first_name, last_name, address, city, state, country, post_code, phone, fax, email, employee_id) VALUES (40, 'Mr.', 'Dominique', 'Lefebvre', '8, Rue Hanovre', 'Paris', null, 'France', '75002', '+33 01 47 42 71 71', null, 'dominiquelefebvre@gmail.com', 4);
INSERT INTO customer (id, title, first_name, last_name, address, city, state, country, post_code, phone, fax, email, employee_id) VALUES (41, 'Mr.', 'Marc', 'Dubois', '11, Place Bellecour', 'Lyon', null, 'France', '69002', '+33 04 78 30 30 30', null, 'marc.dubois@hotmail.com', 5);
INSERT INTO customer (id, title, first_name, last_name, address, city, state, country, post_code, phone, fax, email, employee_id) VALUES (42, 'Mrs.', 'Wyatt', 'Girard', '9, Place Louis Barthou', 'Bordeaux', null, 'France', '33000', '+33 05 56 96 96 96', null, 'wyatt.girard@yahoo.fr', 3);
INSERT INTO customer (id, title, first_name, last_name, address, city, state, country, post_code, phone, fax, email, employee_id) VALUES (43, 'Mrs.', 'Isabelle', 'Mercier', '68, Rue Jouvence', 'Dijon', null, 'France', '21000', '+33 03 80 73 66 99', null, 'isabelle_mercier@apple.fr', 3);
INSERT INTO customer (id, title, first_name, last_name, address, city, state, country, post_code, phone, fax, email, employee_id) VALUES (44, 'Mrs.', 'Terhi', 'Hämäläinen', 'Porthaninkatu 9', 'Helsinki', null, 'Finland', '00530', '+358 09 870 2000', null, 'terhi.hamalainen@apple.fi', 3);
INSERT INTO customer (id, title, first_name, last_name, address, city, state, country, post_code, phone, fax, email, employee_id) VALUES (45, 'Mr.', 'Ladislav', 'Kovács', 'Erzsébet krt. 58.', 'Budapest', null, 'Hungary', 'H-1073', null, null, 'ladislav_kovacs@apple.hu', 3);
INSERT INTO customer (id, title, first_name, last_name, address, city, state, country, post_code, phone, fax, email, employee_id) VALUES (46, 'Mr.', 'Hugh', 'O''Reilly', '3 Chatham Street', 'Dublin', 'Dublin', 'Ireland', null, '+353 01 6792424', null, 'hughoreilly@apple.ie', 3);
INSERT INTO customer (id, title, first_name, last_name, address, city, state, country, post_code, phone, fax, email, employee_id) VALUES (47, 'Mr.', 'Lucas', 'Mancini', 'Via Degli Scipioni, 43', 'Rome', 'RM', 'Italy', '00192', '+39 06 39733434', null, 'lucas.mancini@yahoo.it', 5);
INSERT INTO customer (id, title, first_name, last_name, address, city, state, country, post_code, phone, fax, email, employee_id) VALUES (48, 'Mr.', 'Johannes', 'Van der Berg', 'Lijnbaansgracht 120bg', 'Amsterdam', 'VV', 'Netherlands', '1016', '+31 020 6223130', null, 'johavanderberg@yahoo.nl', 5);
INSERT INTO customer (id, title, first_name, last_name, address, city, state, country, post_code, phone, fax, email, employee_id) VALUES (49, 'Mr.', 'Stanisław', 'Wójcik', 'Ordynacka 10', 'Warsaw', null, 'Poland', '00-358', '+48 22 828 37 39', null, 'stanisław.wójcik@wp.pl', 4);
INSERT INTO customer (id, title, first_name, last_name, address, city, state, country, post_code, phone, fax, email, employee_id) VALUES (50, 'Mr.', 'Enrique', 'Muñoz', 'C/ San Bernardo 85', 'Madrid', null, 'Spain', '28015', '+34 914 454 454', null, 'enrique_munoz@yahoo.es', 5);
INSERT INTO customer (id, title, first_name, last_name, address, city, state, country, post_code, phone, fax, email, employee_id) VALUES (51, 'Mr.', 'Joakim', 'Johansson', 'Celsiusg. 9', 'Stockholm', null, 'Sweden', '11230', '+46 08-651 52 52', null, 'joakim.johansson@yahoo.se', 5);
INSERT INTO customer (id, title, first_name, last_name, address, city, state, country, post_code, phone, fax, email, employee_id) VALUES (52, 'Miss.', 'Emma', 'Jones', '202 Hoxton Street', 'London', null, 'United Kingdom', 'N1 5LH', '+44 020 7707 0707', null, 'emma_jones@hotmail.com', 3);
INSERT INTO customer (id, title, first_name, last_name, address, city, state, country, post_code, phone, fax, email, employee_id) VALUES (53, 'Mr.', 'Phil', 'Hughes', '113 Lupus St', 'London', null, 'United Kingdom', 'SW1V 3EN', '+44 020 7976 5722', null, 'phil.hughes@gmail.com', 3);
INSERT INTO customer (id, title, first_name, last_name, address, city, state, country, post_code, phone, fax, email, employee_id) VALUES (54, 'Mr.', 'Steve', 'Murray', '110 Raeburn Pl', 'Edinburgh', null, 'United Kingdom', 'EH4 1HH', '+44 0131 315 3300', null, 'steve.murray@yahoo.uk', 5);
INSERT INTO customer (id, title, first_name, last_name, address, city, state, country, post_code, phone, fax, email, employee_id) VALUES (55, 'Mrs.', 'Mark', 'Taylor', '421 Bourke Street', 'Sidney', 'NSW', 'Australia', '2010', '+61 (02) 9332 3633', null, 'mark.taylor@yahoo.au', 4);
INSERT INTO customer (id, title, first_name, last_name, address, city, state, country, post_code, phone, fax, email, employee_id) VALUES (56, 'Mrs.', 'Diego', 'Gutiérrez', '307 Macacha Güemes', 'Buenos Aires', null, 'Argentina', '1106', '+54 (0)11 4311 4333', null, 'diego.gutierrez@yahoo.ar', 4);
INSERT INTO customer (id, title, first_name, last_name, address, city, state, country, post_code, phone, fax, email, employee_id) VALUES (57, 'Mrs.', 'Luis', 'Rojas', 'Calle Lira, 198', 'Santiago', null, 'Chile', null, '+56 (0)2 635 4444', null, 'luisrojas@yahoo.cl', 5);
INSERT INTO customer (id, title, first_name, last_name, address, city, state, country, post_code, phone, fax, email, employee_id) VALUES (58, 'Mrs.', 'Manoj', 'Pareek', '12,Community Centre', 'Delhi', null, 'India', '110017', '+91 0124 39883988', null, 'manoj.pareek@rediff.com', 3);
INSERT INTO customer (id, title, first_name, last_name, address, city, state, country, post_code, phone, fax, email, employee_id) VALUES (59, 'Mrs.', 'Puja', 'Srivastava', '3,Raj Bhavan Road', 'Bangalore', null, 'India', '560001', '+91 080 22289999', null, 'puja_srivastava@yahoo.in', 3);

INSERT INTO invoice (id, invoice_date, address, city, state, country, post_code, total, customer_id) VALUES (1, '2009-01-01', 'Theodor-Heuss-Straße 34', 'Stuttgart', null, 'Germany', '70174', 198, 2);
INSERT INTO invoice (id, invoice_date, address, city, state, country, post_code, total, customer_id) VALUES (2, '2009-01-02', 'Ullevålsveien 14', 'Oslo', null, 'Norway', '0171', 396, 4);
INSERT INTO invoice (id, invoice_date, address, city, state, country, post_code, total, customer_id) VALUES (3, '2009-01-03', 'Grétrystraat 63', 'Brussels', null, 'Belgium', '1000', 594, 8);
INSERT INTO invoice (id, invoice_date, address, city, state, country, post_code, total, customer_id) VALUES (4, '2009-01-06', '8210 111 ST NW', 'Edmonton', 'AB', 'Canada', 'T6G 2C7', 891, 14);
INSERT INTO invoice (id, invoice_date, address, city, state, country, post_code, total, customer_id) VALUES (5, '2009-01-11', '69 Salem Street', 'Boston', 'MA', 'USA', '2113', 1386, 23);
INSERT INTO invoice (id, invoice_date, address, city, state, country, post_code, total, customer_id) VALUES (6, '2009-01-19', 'Berger Straße 10', 'Frankfurt', null, 'Germany', '60316', 99, 37);
INSERT INTO invoice (id, invoice_date, address, city, state, country, post_code, total, customer_id) VALUES (7, '2009-02-01', 'Barbarossastraße 19', 'Berlin', null, 'Germany', '10779', 198, 38);
INSERT INTO invoice (id, invoice_date, address, city, state, country, post_code, total, customer_id) VALUES (8, '2009-02-01', '8, Rue Hanovre', 'Paris', null, 'France', '75002', 198, 40);
INSERT INTO invoice (id, invoice_date, address, city, state, country, post_code, total, customer_id) VALUES (9, '2009-02-02', '9, Place Louis Barthou', 'Bordeaux', null, 'France', '33000', 396, 42);
INSERT INTO invoice (id, invoice_date, address, city, state, country, post_code, total, customer_id) VALUES (10, '2009-02-03', '3 Chatham Street', 'Dublin', 'Dublin', 'Ireland', null, 594, 46);
INSERT INTO invoice (id, invoice_date, address, city, state, country, post_code, total, customer_id) VALUES (11, '2009-02-06', '202 Hoxton Street', 'London', null, 'United Kingdom', 'N1 5LH', 891, 52);
INSERT INTO invoice (id, invoice_date, address, city, state, country, post_code, total, customer_id) VALUES (12, '2009-02-11', 'Theodor-Heuss-Straße 34', 'Stuttgart', null, 'Germany', '70174', 1386, 2);
INSERT INTO invoice (id, invoice_date, address, city, state, country, post_code, total, customer_id) VALUES (13, '2009-02-19', '1600 Amphitheatre Parkway', 'Mountain View', 'CA', 'USA', '94043-1351', 99, 16);
INSERT INTO invoice (id, invoice_date, address, city, state, country, post_code, total, customer_id) VALUES (14, '2009-03-04', '1 Microsoft Way', 'Redmond', 'WA', 'USA', '98052-8300', 198, 17);
INSERT INTO invoice (id, invoice_date, address, city, state, country, post_code, total, customer_id) VALUES (15, '2009-03-04', '1 Infinite Loop', 'Cupertino', 'CA', 'USA', '95014', 198, 19);
INSERT INTO invoice (id, invoice_date, address, city, state, country, post_code, total, customer_id) VALUES (16, '2009-03-05', '801 W 4th Street', 'Reno', 'NV', 'USA', '89503', 396, 21);
INSERT INTO invoice (id, invoice_date, address, city, state, country, post_code, total, customer_id) VALUES (17, '2009-03-06', '319 N Frances Street', 'Madison', 'WI', 'USA', '53703', 594, 25);
INSERT INTO invoice (id, invoice_date, address, city, state, country, post_code, total, customer_id) VALUES (18, '2009-03-09', '194A Chain Lake Drive', 'Halifax', 'NS', 'Canada', 'B3S 1C5', 891, 31);
INSERT INTO invoice (id, invoice_date, address, city, state, country, post_code, total, customer_id) VALUES (19, '2009-03-14', '8, Rue Hanovre', 'Paris', null, 'France', '75002', 1386, 40);
INSERT INTO invoice (id, invoice_date, address, city, state, country, post_code, total, customer_id) VALUES (20, '2009-03-22', '110 Raeburn Pl', 'Edinburgh', null, 'United Kingdom', 'EH4 1HH', 99, 54);
INSERT INTO invoice (id, invoice_date, address, city, state, country, post_code, total, customer_id) VALUES (21, '2009-04-04', '421 Bourke Street', 'Sidney', 'NSW', 'Australia', '2010', 198, 55);
INSERT INTO invoice (id, invoice_date, address, city, state, country, post_code, total, customer_id) VALUES (22, '2009-04-04', 'Calle Lira, 198', 'Santiago', null, 'Chile', null, 198, 57);
INSERT INTO invoice (id, invoice_date, address, city, state, country, post_code, total, customer_id) VALUES (23, '2009-04-05', '3,Raj Bhavan Road', 'Bangalore', null, 'India', '560001', 396, 59);
INSERT INTO invoice (id, invoice_date, address, city, state, country, post_code, total, customer_id) VALUES (24, '2009-04-06', 'Ullevålsveien 14', 'Oslo', null, 'Norway', '0171', 594, 4);
INSERT INTO invoice (id, invoice_date, address, city, state, country, post_code, total, customer_id) VALUES (25, '2009-04-09', 'Rua Dr Falcão Filho, 155', 'São Paulo', 'SP', 'Brazil', '01007-010', 891, 10);
INSERT INTO invoice (id, invoice_date, address, city, state, country, post_code, total, customer_id) VALUES (26, '2009-04-14', '1 Infinite Loop', 'Cupertino', 'CA', 'USA', '95014', 1386, 19);
INSERT INTO invoice (id, invoice_date, address, city, state, country, post_code, total, customer_id) VALUES (27, '2009-04-22', '5112 48 Street', 'Yellowknife', 'NT', 'Canada', 'X1A 1N6', 99, 33);
INSERT INTO invoice (id, invoice_date, address, city, state, country, post_code, total, customer_id) VALUES (28, '2009-05-05', 'Rua da Assunção 53', 'Lisbon', null, 'Portugal', null, 198, 34);
INSERT INTO invoice (id, invoice_date, address, city, state, country, post_code, total, customer_id) VALUES (29, '2009-05-05', 'Tauentzienstraße 8', 'Berlin', null, 'Germany', '10789', 198, 36);
INSERT INTO invoice (id, invoice_date, address, city, state, country, post_code, total, customer_id) VALUES (30, '2009-05-06', 'Barbarossastraße 19', 'Berlin', null, 'Germany', '10779', 396, 38);
INSERT INTO invoice (id, invoice_date, address, city, state, country, post_code, total, customer_id) VALUES (31, '2009-05-07', '9, Place Louis Barthou', 'Bordeaux', null, 'France', '33000', 594, 42);
INSERT INTO invoice (id, invoice_date, address, city, state, country, post_code, total, customer_id) VALUES (32, '2009-05-10', 'Lijnbaansgracht 120bg', 'Amsterdam', 'VV', 'Netherlands', '1016', 891, 48);
INSERT INTO invoice (id, invoice_date, address, city, state, country, post_code, total, customer_id) VALUES (33, '2009-05-15', 'Calle Lira, 198', 'Santiago', null, 'Chile', null, 1386, 57);
INSERT INTO invoice (id, invoice_date, address, city, state, country, post_code, total, customer_id) VALUES (34, '2009-05-23', 'Praça Pio X, 119', 'Rio de Janeiro', 'RJ', 'Brazil', '20040-020', 99, 12);
INSERT INTO invoice (id, invoice_date, address, city, state, country, post_code, total, customer_id) VALUES (35, '2009-06-05', 'Qe 7 Bloco G', 'Brasília', 'DF', 'Brazil', '71020-677', 198, 13);
INSERT INTO invoice (id, invoice_date, address, city, state, country, post_code, total, customer_id) VALUES (36, '2009-06-05', '700 W Pender Street', 'Vancouver', 'BC', 'Canada', 'V6C 1G8', 198, 15);
INSERT INTO invoice (id, invoice_date, address, city, state, country, post_code, total, customer_id) VALUES (37, '2009-06-06', '1 Microsoft Way', 'Redmond', 'WA', 'USA', '98052-8300', 396, 17);
INSERT INTO invoice (id, invoice_date, address, city, state, country, post_code, total, customer_id) VALUES (38, '2009-06-07', '801 W 4th Street', 'Reno', 'NV', 'USA', '89503', 594, 21);
INSERT INTO invoice (id, invoice_date, address, city, state, country, post_code, total, customer_id) VALUES (39, '2009-06-10', '1033 N Park Ave', 'Tucson', 'AZ', 'USA', '85719', 891, 27);
INSERT INTO invoice (id, invoice_date, address, city, state, country, post_code, total, customer_id) VALUES (40, '2009-06-15', 'Tauentzienstraße 8', 'Berlin', null, 'Germany', '10789', 1386, 36);
INSERT INTO invoice (id, invoice_date, address, city, state, country, post_code, total, customer_id) VALUES (41, '2009-06-23', 'C/ San Bernardo 85', 'Madrid', null, 'Spain', '28015', 99, 50);
INSERT INTO invoice (id, invoice_date, address, city, state, country, post_code, total, customer_id) VALUES (42, '2009-07-06', 'Celsiusg 9', 'Stockholm', null, 'Sweden', '11230', 198, 51);
INSERT INTO invoice (id, invoice_date, address, city, state, country, post_code, total, customer_id) VALUES (43, '2009-07-06', '113 Lupus St', 'London', null, 'United Kingdom', 'SW1V 3EN', 198, 53);
INSERT INTO invoice (id, invoice_date, address, city, state, country, post_code, total, customer_id) VALUES (44, '2009-07-07', '421 Bourke Street', 'Sidney', 'NSW', 'Australia', '2010', 396, 55);
INSERT INTO invoice (id, invoice_date, address, city, state, country, post_code, total, customer_id) VALUES (45, '2009-07-08', '3,Raj Bhavan Road', 'Bangalore', null, 'India', '560001', 594, 59);
INSERT INTO invoice (id, invoice_date, address, city, state, country, post_code, total, customer_id) VALUES (46, '2009-07-11', 'Rilská 3174/6', 'Prague', null, 'Czech Republic', '14300', 891, 6);
INSERT INTO invoice (id, invoice_date, address, city, state, country, post_code, total, customer_id) VALUES (47, '2009-07-16', '700 W Pender Street', 'Vancouver', 'BC', 'Canada', 'V6C 1G8', 1386, 15);
INSERT INTO invoice (id, invoice_date, address, city, state, country, post_code, total, customer_id) VALUES (48, '2009-07-24', '796 Dundas Street West', 'Toronto', 'ON', 'Canada', 'M6J 1V1', 99, 29);
INSERT INTO invoice (id, invoice_date, address, city, state, country, post_code, total, customer_id) VALUES (49, '2009-08-06', '230 Elgin Street', 'Ottawa', 'ON', 'Canada', 'K2P 1L7', 198, 30);
INSERT INTO invoice (id, invoice_date, address, city, state, country, post_code, total, customer_id) VALUES (50, '2009-08-06', '696 Osborne Street', 'Winnipeg', 'MB', 'Canada', 'R3L 2B9', 198, 32);
INSERT INTO invoice (id, invoice_date, address, city, state, country, post_code, total, customer_id) VALUES (51, '2009-08-07', 'Rua da Assunção 53', 'Lisbon', null, 'Portugal', null, 396, 34);
INSERT INTO invoice (id, invoice_date, address, city, state, country, post_code, total, customer_id) VALUES (52, '2009-08-08', 'Barbarossastraße 19', 'Berlin', null, 'Germany', '10779', 594, 38);
INSERT INTO invoice (id, invoice_date, address, city, state, country, post_code, total, customer_id) VALUES (53, '2009-08-11', 'Porthaninkatu 9', 'Helsinki', null, 'Finland', '00530', 891, 44);
INSERT INTO invoice (id, invoice_date, address, city, state, country, post_code, total, customer_id) VALUES (54, '2009-08-16', '113 Lupus St', 'London', null, 'United Kingdom', 'SW1V 3EN', 1386, 53);
INSERT INTO invoice (id, invoice_date, address, city, state, country, post_code, total, customer_id) VALUES (55, '2009-08-24', 'Grétrystraat 63', 'Brussels', null, 'Belgium', '1000', 99, 8);
INSERT INTO invoice (id, invoice_date, address, city, state, country, post_code, total, customer_id) VALUES (56, '2009-09-06', 'Sønder Boulevard 51', 'Copenhagen', null, 'Denmark', '1720', 198, 9);
INSERT INTO invoice (id, invoice_date, address, city, state, country, post_code, total, customer_id) VALUES (57, '2009-09-06', 'Av Paulista, 2022', 'São Paulo', 'SP', 'Brazil', '01310-200', 198, 11);
INSERT INTO invoice (id, invoice_date, address, city, state, country, post_code, total, customer_id) VALUES (58, '2009-09-07', 'Qe 7 Bloco G', 'Brasília', 'DF', 'Brazil', '71020-677', 396, 13);
INSERT INTO invoice (id, invoice_date, address, city, state, country, post_code, total, customer_id) VALUES (59, '2009-09-08', '1 Microsoft Way', 'Redmond', 'WA', 'USA', '98052-8300', 594, 17);
INSERT INTO invoice (id, invoice_date, address, city, state, country, post_code, total, customer_id) VALUES (60, '2009-09-11', '69 Salem Street', 'Boston', 'MA', 'USA', '2113', 891, 23);
INSERT INTO invoice (id, invoice_date, address, city, state, country, post_code, total, customer_id) VALUES (61, '2009-09-16', '696 Osborne Street', 'Winnipeg', 'MB', 'Canada', 'R3L 2B9', 1386, 32);
INSERT INTO invoice (id, invoice_date, address, city, state, country, post_code, total, customer_id) VALUES (62, '2009-09-24', '3 Chatham Street', 'Dublin', 'Dublin', 'Ireland', null, 99, 46);
INSERT INTO invoice (id, invoice_date, address, city, state, country, post_code, total, customer_id) VALUES (63, '2009-10-07', 'Via Degli Scipioni, 43', 'Rome', 'RM', 'Italy', '00192', 198, 47);
INSERT INTO invoice (id, invoice_date, address, city, state, country, post_code, total, customer_id) VALUES (64, '2009-10-07', 'Ordynacka 10', 'Warsaw', null, 'Poland', '00-358', 198, 49);
INSERT INTO invoice (id, invoice_date, address, city, state, country, post_code, total, customer_id) VALUES (65, '2009-10-08', 'Celsiusg 9', 'Stockholm', null, 'Sweden', '11230', 396, 51);
INSERT INTO invoice (id, invoice_date, address, city, state, country, post_code, total, customer_id) VALUES (66, '2009-10-09', '421 Bourke Street', 'Sidney', 'NSW', 'Australia', '2010', 594, 55);
INSERT INTO invoice (id, invoice_date, address, city, state, country, post_code, total, customer_id) VALUES (67, '2009-10-12', 'Theodor-Heuss-Straße 34', 'Stuttgart', null, 'Germany', '70174', 891, 2);
INSERT INTO invoice (id, invoice_date, address, city, state, country, post_code, total, customer_id) VALUES (68, '2009-10-17', 'Av Paulista, 2022', 'São Paulo', 'SP', 'Brazil', '01310-200', 1386, 11);
INSERT INTO invoice (id, invoice_date, address, city, state, country, post_code, total, customer_id) VALUES (69, '2009-10-25', '319 N Frances Street', 'Madison', 'WI', 'USA', '53703', 99, 25);
INSERT INTO invoice (id, invoice_date, address, city, state, country, post_code, total, customer_id) VALUES (70, '2009-11-07', '2211 W Berry Street', 'Fort Worth', 'TX', 'USA', '76110', 198, 26);
INSERT INTO invoice (id, invoice_date, address, city, state, country, post_code, total, customer_id) VALUES (71, '2009-11-07', '302 S 700 E', 'Salt Lake City', 'UT', 'USA', '84102', 198, 28);
INSERT INTO invoice (id, invoice_date, address, city, state, country, post_code, total, customer_id) VALUES (72, '2009-11-08', '230 Elgin Street', 'Ottawa', 'ON', 'Canada', 'K2P 1L7', 396, 30);
INSERT INTO invoice (id, invoice_date, address, city, state, country, post_code, total, customer_id) VALUES (73, '2009-11-09', 'Rua da Assunção 53', 'Lisbon', null, 'Portugal', null, 594, 34);
INSERT INTO invoice (id, invoice_date, address, city, state, country, post_code, total, customer_id) VALUES (74, '2009-11-12', '8, Rue Hanovre', 'Paris', null, 'France', '75002', 891, 40);
INSERT INTO invoice (id, invoice_date, address, city, state, country, post_code, total, customer_id) VALUES (75, '2009-11-17', 'Ordynacka 10', 'Warsaw', null, 'Poland', '00-358', 1386, 49);
INSERT INTO invoice (id, invoice_date, address, city, state, country, post_code, total, customer_id) VALUES (76, '2009-11-25', 'Ullevålsveien 14', 'Oslo', null, 'Norway', '0171', 99, 4);
INSERT INTO invoice (id, invoice_date, address, city, state, country, post_code, total, customer_id) VALUES (77, '2009-12-08', 'Klanova 9/506', 'Prague', null, 'Czech Republic', '14700', 198, 5);
INSERT INTO invoice (id, invoice_date, address, city, state, country, post_code, total, customer_id) VALUES (78, '2009-12-08', 'Rotenturmstraße 4, 1010 Innere Stadt', 'Vienne', null, 'Austria', '1010', 198, 7);
INSERT INTO invoice (id, invoice_date, address, city, state, country, post_code, total, customer_id) VALUES (79, '2009-12-09', 'Sønder Boulevard 51', 'Copenhagen', null, 'Denmark', '1720', 396, 9);
INSERT INTO invoice (id, invoice_date, address, city, state, country, post_code, total, customer_id) VALUES (80, '2009-12-10', 'Qe 7 Bloco G', 'Brasília', 'DF', 'Brazil', '71020-677', 594, 13);
INSERT INTO invoice (id, invoice_date, address, city, state, country, post_code, total, customer_id) VALUES (81, '2009-12-13', '1 Infinite Loop', 'Cupertino', 'CA', 'USA', '95014', 891, 19);
INSERT INTO invoice (id, invoice_date, address, city, state, country, post_code, total, customer_id) VALUES (82, '2009-12-18', '302 S 700 E', 'Salt Lake City', 'UT', 'USA', '84102', 1386, 28);
INSERT INTO invoice (id, invoice_date, address, city, state, country, post_code, total, customer_id) VALUES (83, '2009-12-26', '9, Place Louis Barthou', 'Bordeaux', null, 'France', '33000', 99, 42);
INSERT INTO invoice (id, invoice_date, address, city, state, country, post_code, total, customer_id) VALUES (84, '2010-01-08', '68, Rue Jouvence', 'Dijon', null, 'France', '21000', 198, 43);
INSERT INTO invoice (id, invoice_date, address, city, state, country, post_code, total, customer_id) VALUES (85, '2010-01-08', 'Erzsébet krt 58', 'Budapest', null, 'Hungary', 'H-1073', 198, 45);
INSERT INTO invoice (id, invoice_date, address, city, state, country, post_code, total, customer_id) VALUES (86, '2010-01-09', 'Via Degli Scipioni, 43', 'Rome', 'RM', 'Italy', '00192', 396, 47);
INSERT INTO invoice (id, invoice_date, address, city, state, country, post_code, total, customer_id) VALUES (87, '2010-01-10', 'Celsiusg 9', 'Stockholm', null, 'Sweden', '11230', 694, 51);
INSERT INTO invoice (id, invoice_date, address, city, state, country, post_code, total, customer_id) VALUES (88, '2010-01-13', 'Calle Lira, 198', 'Santiago', null, 'Chile', null, 1791, 57);
INSERT INTO invoice (id, invoice_date, address, city, state, country, post_code, total, customer_id) VALUES (89, '2010-01-18', 'Rotenturmstraße 4, 1010 Innere Stadt', 'Vienne', null, 'Austria', '1010', 1886, 7);
INSERT INTO invoice (id, invoice_date, address, city, state, country, post_code, total, customer_id) VALUES (90, '2010-01-26', '801 W 4th Street', 'Reno', 'NV', 'USA', '89503', 99, 21);
INSERT INTO invoice (id, invoice_date, address, city, state, country, post_code, total, customer_id) VALUES (91, '2010-02-08', '120 S Orange Ave', 'Orlando', 'FL', 'USA', '32801', 198, 22);
INSERT INTO invoice (id, invoice_date, address, city, state, country, post_code, total, customer_id) VALUES (92, '2010-02-08', '162 E Superior Street', 'Chicago', 'IL', 'USA', '60611', 198, 24);
INSERT INTO invoice (id, invoice_date, address, city, state, country, post_code, total, customer_id) VALUES (93, '2010-02-09', '2211 W Berry Street', 'Fort Worth', 'TX', 'USA', '76110', 396, 26);
INSERT INTO invoice (id, invoice_date, address, city, state, country, post_code, total, customer_id) VALUES (94, '2010-02-10', '230 Elgin Street', 'Ottawa', 'ON', 'Canada', 'K2P 1L7', 594, 30);
INSERT INTO invoice (id, invoice_date, address, city, state, country, post_code, total, customer_id) VALUES (95, '2010-02-13', 'Tauentzienstraße 8', 'Berlin', null, 'Germany', '10789', 891, 36);
INSERT INTO invoice (id, invoice_date, address, city, state, country, post_code, total, customer_id) VALUES (96, '2010-02-18', 'Erzsébet krt 58', 'Budapest', null, 'Hungary', 'H-1073', 2186, 45);
INSERT INTO invoice (id, invoice_date, address, city, state, country, post_code, total, customer_id) VALUES (97, '2010-02-26', '3,Raj Bhavan Road', 'Bangalore', null, 'India', '560001', 199, 59);
INSERT INTO invoice (id, invoice_date, address, city, state, country, post_code, total, customer_id) VALUES (98, '2010-03-11', 'Av Brigadeiro Faria Lima, 2170', 'São José dos Campos', 'SP', 'Brazil', '12227-000', 398, 1);
INSERT INTO invoice (id, invoice_date, address, city, state, country, post_code, total, customer_id) VALUES (99, '2010-03-11', '1498 rue Bélanger', 'Montréal', 'QC', 'Canada', 'H2G 1A7', 398, 3);
INSERT INTO invoice (id, invoice_date, address, city, state, country, post_code, total, customer_id) VALUES (100, '2010-03-12', 'Klanova 9/506', 'Prague', null, 'Czech Republic', '14700', 396, 5);
INSERT INTO invoice (id, invoice_date, address, city, state, country, post_code, total, customer_id) VALUES (101, '2010-03-13', 'Sønder Boulevard 51', 'Copenhagen', null, 'Denmark', '1720', 594, 9);
INSERT INTO invoice (id, invoice_date, address, city, state, country, post_code, total, customer_id) VALUES (102, '2010-03-16', '700 W Pender Street', 'Vancouver', 'BC', 'Canada', 'V6C 1G8', 991, 15);
INSERT INTO invoice (id, invoice_date, address, city, state, country, post_code, total, customer_id) VALUES (103, '2010-03-21', '162 E Superior Street', 'Chicago', 'IL', 'USA', '60611', 1586, 24);
INSERT INTO invoice (id, invoice_date, address, city, state, country, post_code, total, customer_id) VALUES (104, '2010-03-29', 'Barbarossastraße 19', 'Berlin', null, 'Germany', '10779', 99, 38);
INSERT INTO invoice (id, invoice_date, address, city, state, country, post_code, total, customer_id) VALUES (105, '2010-04-11', '4, Rue Milton', 'Paris', null, 'France', '75009', 198, 39);
INSERT INTO invoice (id, invoice_date, address, city, state, country, post_code, total, customer_id) VALUES (106, '2010-04-11', '11, Place Bellecour', 'Lyon', null, 'France', '69002', 198, 41);
INSERT INTO invoice (id, invoice_date, address, city, state, country, post_code, total, customer_id) VALUES (107, '2010-04-12', '68, Rue Jouvence', 'Dijon', null, 'France', '21000', 396, 43);
INSERT INTO invoice (id, invoice_date, address, city, state, country, post_code, total, customer_id) VALUES (108, '2010-04-13', 'Via Degli Scipioni, 43', 'Rome', 'RM', 'Italy', '00192', 594, 47);
INSERT INTO invoice (id, invoice_date, address, city, state, country, post_code, total, customer_id) VALUES (109, '2010-04-16', '113 Lupus St', 'London', null, 'United Kingdom', 'SW1V 3EN', 891, 53);
INSERT INTO invoice (id, invoice_date, address, city, state, country, post_code, total, customer_id) VALUES (110, '2010-04-21', '1498 rue Bélanger', 'Montréal', 'QC', 'Canada', 'H2G 1A7', 1386, 3);
INSERT INTO invoice (id, invoice_date, address, city, state, country, post_code, total, customer_id) VALUES (111, '2010-04-29', '1 Microsoft Way', 'Redmond', 'WA', 'USA', '98052-8300', 99, 17);
INSERT INTO invoice (id, invoice_date, address, city, state, country, post_code, total, customer_id) VALUES (112, '2010-05-12', '627 Broadway', 'New York', 'NY', 'USA', '10012-2612', 198, 18);
INSERT INTO invoice (id, invoice_date, address, city, state, country, post_code, total, customer_id) VALUES (113, '2010-05-12', '541 Del Medio Avenue', 'Mountain View', 'CA', 'USA', '94040-111', 198, 20);
INSERT INTO invoice (id, invoice_date, address, city, state, country, post_code, total, customer_id) VALUES (114, '2010-05-13', '120 S Orange Ave', 'Orlando', 'FL', 'USA', '32801', 396, 22);
INSERT INTO invoice (id, invoice_date, address, city, state, country, post_code, total, customer_id) VALUES (115, '2010-05-14', '2211 W Berry Street', 'Fort Worth', 'TX', 'USA', '76110', 594, 26);
INSERT INTO invoice (id, invoice_date, address, city, state, country, post_code, total, customer_id) VALUES (116, '2010-05-17', '696 Osborne Street', 'Winnipeg', 'MB', 'Canada', 'R3L 2B9', 891, 32);
INSERT INTO invoice (id, invoice_date, address, city, state, country, post_code, total, customer_id) VALUES (117, '2010-05-22', '11, Place Bellecour', 'Lyon', null, 'France', '69002', 1386, 41);
INSERT INTO invoice (id, invoice_date, address, city, state, country, post_code, total, customer_id) VALUES (118, '2010-05-30', '421 Bourke Street', 'Sidney', 'NSW', 'Australia', '2010', 99, 55);
INSERT INTO invoice (id, invoice_date, address, city, state, country, post_code, total, customer_id) VALUES (119, '2010-06-12', '307 Macacha Güemes', 'Buenos Aires', null, 'Argentina', '1106', 198, 56);
INSERT INTO invoice (id, invoice_date, address, city, state, country, post_code, total, customer_id) VALUES (120, '2010-06-12', '12,Community Centre', 'Delhi', null, 'India', '110017', 198, 58);
INSERT INTO invoice (id, invoice_date, address, city, state, country, post_code, total, customer_id) VALUES (121, '2010-06-13', 'Av Brigadeiro Faria Lima, 2170', 'São José dos Campos', 'SP', 'Brazil', '12227-000', 396, 1);
INSERT INTO invoice (id, invoice_date, address, city, state, country, post_code, total, customer_id) VALUES (122, '2010-06-14', 'Klanova 9/506', 'Prague', null, 'Czech Republic', '14700', 594, 5);
INSERT INTO invoice (id, invoice_date, address, city, state, country, post_code, total, customer_id) VALUES (123, '2010-06-17', 'Av Paulista, 2022', 'São Paulo', 'SP', 'Brazil', '01310-200', 891, 11);
INSERT INTO invoice (id, invoice_date, address, city, state, country, post_code, total, customer_id) VALUES (124, '2010-06-22', '541 Del Medio Avenue', 'Mountain View', 'CA', 'USA', '94040-111', 1386, 20);
INSERT INTO invoice (id, invoice_date, address, city, state, country, post_code, total, customer_id) VALUES (125, '2010-06-30', 'Rua da Assunção 53', 'Lisbon', null, 'Portugal', null, 99, 34);
INSERT INTO invoice (id, invoice_date, address, city, state, country, post_code, total, customer_id) VALUES (126, '2010-07-13', 'Rua dos Campeões Europeus de Viena, 4350', 'Porto', null, 'Portugal', null, 198, 35);
INSERT INTO invoice (id, invoice_date, address, city, state, country, post_code, total, customer_id) VALUES (127, '2010-07-13', 'Berger Straße 10', 'Frankfurt', null, 'Germany', '60316', 198, 37);
INSERT INTO invoice (id, invoice_date, address, city, state, country, post_code, total, customer_id) VALUES (128, '2010-07-14', '4, Rue Milton', 'Paris', null, 'France', '75009', 396, 39);
INSERT INTO invoice (id, invoice_date, address, city, state, country, post_code, total, customer_id) VALUES (129, '2010-07-15', '68, Rue Jouvence', 'Dijon', null, 'France', '21000', 594, 43);
INSERT INTO invoice (id, invoice_date, address, city, state, country, post_code, total, customer_id) VALUES (130, '2010-07-18', 'Ordynacka 10', 'Warsaw', null, 'Poland', '00-358', 891, 49);
INSERT INTO invoice (id, invoice_date, address, city, state, country, post_code, total, customer_id) VALUES (131, '2010-07-23', '12,Community Centre', 'Delhi', null, 'India', '110017', 1386, 58);
INSERT INTO invoice (id, invoice_date, address, city, state, country, post_code, total, customer_id) VALUES (132, '2010-07-31', 'Qe 7 Bloco G', 'Brasília', 'DF', 'Brazil', '71020-677', 99, 13);
INSERT INTO invoice (id, invoice_date, address, city, state, country, post_code, total, customer_id) VALUES (133, '2010-08-13', '8210 111 ST NW', 'Edmonton', 'AB', 'Canada', 'T6G 2C7', 198, 14);
INSERT INTO invoice (id, invoice_date, address, city, state, country, post_code, total, customer_id) VALUES (134, '2010-08-13', '1600 Amphitheatre Parkway', 'Mountain View', 'CA', 'USA', '94043-1351', 198, 16);
INSERT INTO invoice (id, invoice_date, address, city, state, country, post_code, total, customer_id) VALUES (135, '2010-08-14', '627 Broadway', 'New York', 'NY', 'USA', '10012-2612', 396, 18);
INSERT INTO invoice (id, invoice_date, address, city, state, country, post_code, total, customer_id) VALUES (136, '2010-08-15', '120 S Orange Ave', 'Orlando', 'FL', 'USA', '32801', 594, 22);
INSERT INTO invoice (id, invoice_date, address, city, state, country, post_code, total, customer_id) VALUES (137, '2010-08-18', '302 S 700 E', 'Salt Lake City', 'UT', 'USA', '84102', 891, 28);
INSERT INTO invoice (id, invoice_date, address, city, state, country, post_code, total, customer_id) VALUES (138, '2010-08-23', 'Berger Straße 10', 'Frankfurt', null, 'Germany', '60316', 1386, 37);
INSERT INTO invoice (id, invoice_date, address, city, state, country, post_code, total, customer_id) VALUES (139, '2010-08-31', 'Celsiusg 9', 'Stockholm', null, 'Sweden', '11230', 99, 51);
INSERT INTO invoice (id, invoice_date, address, city, state, country, post_code, total, customer_id) VALUES (140, '2010-09-13', '202 Hoxton Street', 'London', null, 'United Kingdom', 'N1 5LH', 198, 52);
INSERT INTO invoice (id, invoice_date, address, city, state, country, post_code, total, customer_id) VALUES (141, '2010-09-13', '110 Raeburn Pl', 'Edinburgh', null, 'United Kingdom', 'EH4 1HH', 198, 54);
INSERT INTO invoice (id, invoice_date, address, city, state, country, post_code, total, customer_id) VALUES (142, '2010-09-14', '307 Macacha Güemes', 'Buenos Aires', null, 'Argentina', '1106', 396, 56);
INSERT INTO invoice (id, invoice_date, address, city, state, country, post_code, total, customer_id) VALUES (143, '2010-09-15', 'Av Brigadeiro Faria Lima, 2170', 'São José dos Campos', 'SP', 'Brazil', '12227-000', 594, 1);
INSERT INTO invoice (id, invoice_date, address, city, state, country, post_code, total, customer_id) VALUES (144, '2010-09-18', 'Rotenturmstraße 4, 1010 Innere Stadt', 'Vienne', null, 'Austria', '1010', 891, 7);
INSERT INTO invoice (id, invoice_date, address, city, state, country, post_code, total, customer_id) VALUES (145, '2010-09-23', '1600 Amphitheatre Parkway', 'Mountain View', 'CA', 'USA', '94043-1351', 1386, 16);
INSERT INTO invoice (id, invoice_date, address, city, state, country, post_code, total, customer_id) VALUES (146, '2010-10-01', '230 Elgin Street', 'Ottawa', 'ON', 'Canada', 'K2P 1L7', 99, 30);
INSERT INTO invoice (id, invoice_date, address, city, state, country, post_code, total, customer_id) VALUES (147, '2010-10-14', '194A Chain Lake Drive', 'Halifax', 'NS', 'Canada', 'B3S 1C5', 198, 31);
INSERT INTO invoice (id, invoice_date, address, city, state, country, post_code, total, customer_id) VALUES (148, '2010-10-14', '5112 48 Street', 'Yellowknife', 'NT', 'Canada', 'X1A 1N6', 198, 33);
INSERT INTO invoice (id, invoice_date, address, city, state, country, post_code, total, customer_id) VALUES (149, '2010-10-15', 'Rua dos Campeões Europeus de Viena, 4350', 'Porto', null, 'Portugal', null, 396, 35);
INSERT INTO invoice (id, invoice_date, address, city, state, country, post_code, total, customer_id) VALUES (150, '2010-10-16', '4, Rue Milton', 'Paris', null, 'France', '75009', 594, 39);
INSERT INTO invoice (id, invoice_date, address, city, state, country, post_code, total, customer_id) VALUES (151, '2010-10-19', 'Erzsébet krt 58', 'Budapest', null, 'Hungary', 'H-1073', 891, 45);
INSERT INTO invoice (id, invoice_date, address, city, state, country, post_code, total, customer_id) VALUES (152, '2010-10-24', '110 Raeburn Pl', 'Edinburgh', null, 'United Kingdom', 'EH4 1HH', 1386, 54);
INSERT INTO invoice (id, invoice_date, address, city, state, country, post_code, total, customer_id) VALUES (153, '2010-11-01', 'Sønder Boulevard 51', 'Copenhagen', null, 'Denmark', '1720', 99, 9);
INSERT INTO invoice (id, invoice_date, address, city, state, country, post_code, total, customer_id) VALUES (154, '2010-11-14', 'Rua Dr Falcão Filho, 155', 'São Paulo', 'SP', 'Brazil', '01007-010', 198, 10);
INSERT INTO invoice (id, invoice_date, address, city, state, country, post_code, total, customer_id) VALUES (155, '2010-11-14', 'Praça Pio X, 119', 'Rio de Janeiro', 'RJ', 'Brazil', '20040-020', 198, 12);
INSERT INTO invoice (id, invoice_date, address, city, state, country, post_code, total, customer_id) VALUES (156, '2010-11-15', '8210 111 ST NW', 'Edmonton', 'AB', 'Canada', 'T6G 2C7', 396, 14);
INSERT INTO invoice (id, invoice_date, address, city, state, country, post_code, total, customer_id) VALUES (157, '2010-11-16', '627 Broadway', 'New York', 'NY', 'USA', '10012-2612', 594, 18);
INSERT INTO invoice (id, invoice_date, address, city, state, country, post_code, total, customer_id) VALUES (158, '2010-11-19', '162 E Superior Street', 'Chicago', 'IL', 'USA', '60611', 891, 24);
INSERT INTO invoice (id, invoice_date, address, city, state, country, post_code, total, customer_id) VALUES (159, '2010-11-24', '5112 48 Street', 'Yellowknife', 'NT', 'Canada', 'X1A 1N6', 1386, 33);
INSERT INTO invoice (id, invoice_date, address, city, state, country, post_code, total, customer_id) VALUES (160, '2010-12-02', 'Via Degli Scipioni, 43', 'Rome', 'RM', 'Italy', '00192', 99, 47);
INSERT INTO invoice (id, invoice_date, address, city, state, country, post_code, total, customer_id) VALUES (161, '2010-12-15', 'Lijnbaansgracht 120bg', 'Amsterdam', 'VV', 'Netherlands', '1016', 198, 48);
INSERT INTO invoice (id, invoice_date, address, city, state, country, post_code, total, customer_id) VALUES (162, '2010-12-15', 'C/ San Bernardo 85', 'Madrid', null, 'Spain', '28015', 198, 50);
INSERT INTO invoice (id, invoice_date, address, city, state, country, post_code, total, customer_id) VALUES (163, '2010-12-16', '202 Hoxton Street', 'London', null, 'United Kingdom', 'N1 5LH', 396, 52);
INSERT INTO invoice (id, invoice_date, address, city, state, country, post_code, total, customer_id) VALUES (164, '2010-12-17', '307 Macacha Güemes', 'Buenos Aires', null, 'Argentina', '1106', 594, 56);
INSERT INTO invoice (id, invoice_date, address, city, state, country, post_code, total, customer_id) VALUES (165, '2010-12-20', '1498 rue Bélanger', 'Montréal', 'QC', 'Canada', 'H2G 1A7', 891, 3);
INSERT INTO invoice (id, invoice_date, address, city, state, country, post_code, total, customer_id) VALUES (166, '2010-12-25', 'Praça Pio X, 119', 'Rio de Janeiro', 'RJ', 'Brazil', '20040-020', 1386, 12);
INSERT INTO invoice (id, invoice_date, address, city, state, country, post_code, total, customer_id) VALUES (167, '2011-01-02', '2211 W Berry Street', 'Fort Worth', 'TX', 'USA', '76110', 99, 26);
INSERT INTO invoice (id, invoice_date, address, city, state, country, post_code, total, customer_id) VALUES (168, '2011-01-15', '1033 N Park Ave', 'Tucson', 'AZ', 'USA', '85719', 198, 27);
INSERT INTO invoice (id, invoice_date, address, city, state, country, post_code, total, customer_id) VALUES (169, '2011-01-15', '796 Dundas Street West', 'Toronto', 'ON', 'Canada', 'M6J 1V1', 198, 29);
INSERT INTO invoice (id, invoice_date, address, city, state, country, post_code, total, customer_id) VALUES (170, '2011-01-16', '194A Chain Lake Drive', 'Halifax', 'NS', 'Canada', 'B3S 1C5', 396, 31);
INSERT INTO invoice (id, invoice_date, address, city, state, country, post_code, total, customer_id) VALUES (171, '2011-01-17', 'Rua dos Campeões Europeus de Viena, 4350', 'Porto', null, 'Portugal', null, 594, 35);
INSERT INTO invoice (id, invoice_date, address, city, state, country, post_code, total, customer_id) VALUES (172, '2011-01-20', '11, Place Bellecour', 'Lyon', null, 'France', '69002', 891, 41);
INSERT INTO invoice (id, invoice_date, address, city, state, country, post_code, total, customer_id) VALUES (173, '2011-01-25', 'C/ San Bernardo 85', 'Madrid', null, 'Spain', '28015', 1386, 50);
INSERT INTO invoice (id, invoice_date, address, city, state, country, post_code, total, customer_id) VALUES (174, '2011-02-02', 'Klanova 9/506', 'Prague', null, 'Czech Republic', '14700', 99, 5);
INSERT INTO invoice (id, invoice_date, address, city, state, country, post_code, total, customer_id) VALUES (175, '2011-02-15', 'Rilská 3174/6', 'Prague', null, 'Czech Republic', '14300', 198, 6);
INSERT INTO invoice (id, invoice_date, address, city, state, country, post_code, total, customer_id) VALUES (176, '2011-02-15', 'Grétrystraat 63', 'Brussels', null, 'Belgium', '1000', 198, 8);
INSERT INTO invoice (id, invoice_date, address, city, state, country, post_code, total, customer_id) VALUES (177, '2011-02-16', 'Rua Dr Falcão Filho, 155', 'São Paulo', 'SP', 'Brazil', '01007-010', 396, 10);
INSERT INTO invoice (id, invoice_date, address, city, state, country, post_code, total, customer_id) VALUES (178, '2011-02-17', '8210 111 ST NW', 'Edmonton', 'AB', 'Canada', 'T6G 2C7', 594, 14);
INSERT INTO invoice (id, invoice_date, address, city, state, country, post_code, total, customer_id) VALUES (179, '2011-02-20', '541 Del Medio Avenue', 'Mountain View', 'CA', 'USA', '94040-111', 891, 20);
INSERT INTO invoice (id, invoice_date, address, city, state, country, post_code, total, customer_id) VALUES (180, '2011-02-25', '796 Dundas Street West', 'Toronto', 'ON', 'Canada', 'M6J 1V1', 1386, 29);
INSERT INTO invoice (id, invoice_date, address, city, state, country, post_code, total, customer_id) VALUES (181, '2011-03-05', '68, Rue Jouvence', 'Dijon', null, 'France', '21000', 99, 43);
INSERT INTO invoice (id, invoice_date, address, city, state, country, post_code, total, customer_id) VALUES (182, '2011-03-18', 'Porthaninkatu 9', 'Helsinki', null, 'Finland', '00530', 198, 44);
INSERT INTO invoice (id, invoice_date, address, city, state, country, post_code, total, customer_id) VALUES (183, '2011-03-18', '3 Chatham Street', 'Dublin', 'Dublin', 'Ireland', null, 198, 46);
INSERT INTO invoice (id, invoice_date, address, city, state, country, post_code, total, customer_id) VALUES (184, '2011-03-19', 'Lijnbaansgracht 120bg', 'Amsterdam', 'VV', 'Netherlands', '1016', 396, 48);
INSERT INTO invoice (id, invoice_date, address, city, state, country, post_code, total, customer_id) VALUES (185, '2011-03-20', '202 Hoxton Street', 'London', null, 'United Kingdom', 'N1 5LH', 594, 52);
INSERT INTO invoice (id, invoice_date, address, city, state, country, post_code, total, customer_id) VALUES (186, '2011-03-23', '12,Community Centre', 'Delhi', null, 'India', '110017', 891, 58);
INSERT INTO invoice (id, invoice_date, address, city, state, country, post_code, total, customer_id) VALUES (187, '2011-03-28', 'Grétrystraat 63', 'Brussels', null, 'Belgium', '1000', 1386, 8);
INSERT INTO invoice (id, invoice_date, address, city, state, country, post_code, total, customer_id) VALUES (188, '2011-04-05', '120 S Orange Ave', 'Orlando', 'FL', 'USA', '32801', 99, 22);
INSERT INTO invoice (id, invoice_date, address, city, state, country, post_code, total, customer_id) VALUES (189, '2011-04-18', '69 Salem Street', 'Boston', 'MA', 'USA', '2113', 198, 23);
INSERT INTO invoice (id, invoice_date, address, city, state, country, post_code, total, customer_id) VALUES (190, '2011-04-18', '319 N Frances Street', 'Madison', 'WI', 'USA', '53703', 198, 25);
INSERT INTO invoice (id, invoice_date, address, city, state, country, post_code, total, customer_id) VALUES (191, '2011-04-19', '1033 N Park Ave', 'Tucson', 'AZ', 'USA', '85719', 396, 27);
INSERT INTO invoice (id, invoice_date, address, city, state, country, post_code, total, customer_id) VALUES (192, '2011-04-20', '194A Chain Lake Drive', 'Halifax', 'NS', 'Canada', 'B3S 1C5', 594, 31);
INSERT INTO invoice (id, invoice_date, address, city, state, country, post_code, total, customer_id) VALUES (193, '2011-04-23', 'Berger Straße 10', 'Frankfurt', null, 'Germany', '60316', 1491, 37);
INSERT INTO invoice (id, invoice_date, address, city, state, country, post_code, total, customer_id) VALUES (194, '2011-04-28', '3 Chatham Street', 'Dublin', 'Dublin', 'Ireland', null, 2186, 46);
INSERT INTO invoice (id, invoice_date, address, city, state, country, post_code, total, customer_id) VALUES (195, '2011-05-06', 'Av Brigadeiro Faria Lima, 2170', 'São José dos Campos', 'SP', 'Brazil', '12227-000', 99, 1);
INSERT INTO invoice (id, invoice_date, address, city, state, country, post_code, total, customer_id) VALUES (196, '2011-05-19', 'Theodor-Heuss-Straße 34', 'Stuttgart', null, 'Germany', '70174', 198, 2);
INSERT INTO invoice (id, invoice_date, address, city, state, country, post_code, total, customer_id) VALUES (197, '2011-05-19', 'Ullevålsveien 14', 'Oslo', null, 'Norway', '0171', 198, 4);
INSERT INTO invoice (id, invoice_date, address, city, state, country, post_code, total, customer_id) VALUES (198, '2011-05-20', 'Rilská 3174/6', 'Prague', null, 'Czech Republic', '14300', 396, 6);
INSERT INTO invoice (id, invoice_date, address, city, state, country, post_code, total, customer_id) VALUES (199, '2011-05-21', 'Rua Dr Falcão Filho, 155', 'São Paulo', 'SP', 'Brazil', '01007-010', 594, 10);
INSERT INTO invoice (id, invoice_date, address, city, state, country, post_code, total, customer_id) VALUES (200, '2011-05-24', '1600 Amphitheatre Parkway', 'Mountain View', 'CA', 'USA', '94043-1351', 891, 16);
INSERT INTO invoice (id, invoice_date, address, city, state, country, post_code, total, customer_id) VALUES (201, '2011-05-29', '319 N Frances Street', 'Madison', 'WI', 'USA', '53703', 1886, 25);
INSERT INTO invoice (id, invoice_date, address, city, state, country, post_code, total, customer_id) VALUES (202, '2011-06-06', '4, Rue Milton', 'Paris', null, 'France', '75009', 199, 39);
INSERT INTO invoice (id, invoice_date, address, city, state, country, post_code, total, customer_id) VALUES (203, '2011-06-19', '8, Rue Hanovre', 'Paris', null, 'France', '75002', 298, 40);
INSERT INTO invoice (id, invoice_date, address, city, state, country, post_code, total, customer_id) VALUES (204, '2011-06-19', '9, Place Louis Barthou', 'Bordeaux', null, 'France', '33000', 398, 42);
INSERT INTO invoice (id, invoice_date, address, city, state, country, post_code, total, customer_id) VALUES (205, '2011-06-20', 'Porthaninkatu 9', 'Helsinki', null, 'Finland', '00530', 796, 44);
INSERT INTO invoice (id, invoice_date, address, city, state, country, post_code, total, customer_id) VALUES (206, '2011-06-21', 'Lijnbaansgracht 120bg', 'Amsterdam', 'VV', 'Netherlands', '1016', 894, 48);
INSERT INTO invoice (id, invoice_date, address, city, state, country, post_code, total, customer_id) VALUES (207, '2011-06-24', '110 Raeburn Pl', 'Edinburgh', null, 'United Kingdom', 'EH4 1HH', 891, 54);
INSERT INTO invoice (id, invoice_date, address, city, state, country, post_code, total, customer_id) VALUES (208, '2011-06-29', 'Ullevålsveien 14', 'Oslo', null, 'Norway', '0171', 1586, 4);
INSERT INTO invoice (id, invoice_date, address, city, state, country, post_code, total, customer_id) VALUES (209, '2011-07-07', '627 Broadway', 'New York', 'NY', 'USA', '10012-2612', 99, 18);
INSERT INTO invoice (id, invoice_date, address, city, state, country, post_code, total, customer_id) VALUES (210, '2011-07-20', '1 Infinite Loop', 'Cupertino', 'CA', 'USA', '95014', 198, 19);
INSERT INTO invoice (id, invoice_date, address, city, state, country, post_code, total, customer_id) VALUES (211, '2011-07-20', '801 W 4th Street', 'Reno', 'NV', 'USA', '89503', 198, 21);
INSERT INTO invoice (id, invoice_date, address, city, state, country, post_code, total, customer_id) VALUES (212, '2011-07-21', '69 Salem Street', 'Boston', 'MA', 'USA', '2113', 396, 23);
INSERT INTO invoice (id, invoice_date, address, city, state, country, post_code, total, customer_id) VALUES (213, '2011-07-22', '1033 N Park Ave', 'Tucson', 'AZ', 'USA', '85719', 594, 27);
INSERT INTO invoice (id, invoice_date, address, city, state, country, post_code, total, customer_id) VALUES (214, '2011-07-25', '5112 48 Street', 'Yellowknife', 'NT', 'Canada', 'X1A 1N6', 891, 33);
INSERT INTO invoice (id, invoice_date, address, city, state, country, post_code, total, customer_id) VALUES (215, '2011-07-30', '9, Place Louis Barthou', 'Bordeaux', null, 'France', '33000', 1386, 42);
INSERT INTO invoice (id, invoice_date, address, city, state, country, post_code, total, customer_id) VALUES (216, '2011-08-07', '307 Macacha Güemes', 'Buenos Aires', null, 'Argentina', '1106', 99, 56);
INSERT INTO invoice (id, invoice_date, address, city, state, country, post_code, total, customer_id) VALUES (217, '2011-08-20', 'Calle Lira, 198', 'Santiago', null, 'Chile', null, 198, 57);
INSERT INTO invoice (id, invoice_date, address, city, state, country, post_code, total, customer_id) VALUES (218, '2011-08-20', '3,Raj Bhavan Road', 'Bangalore', null, 'India', '560001', 198, 59);
INSERT INTO invoice (id, invoice_date, address, city, state, country, post_code, total, customer_id) VALUES (219, '2011-08-21', 'Theodor-Heuss-Straße 34', 'Stuttgart', null, 'Germany', '70174', 396, 2);
INSERT INTO invoice (id, invoice_date, address, city, state, country, post_code, total, customer_id) VALUES (220, '2011-08-22', 'Rilská 3174/6', 'Prague', null, 'Czech Republic', '14300', 594, 6);
INSERT INTO invoice (id, invoice_date, address, city, state, country, post_code, total, customer_id) VALUES (221, '2011-08-25', 'Praça Pio X, 119', 'Rio de Janeiro', 'RJ', 'Brazil', '20040-020', 891, 12);
INSERT INTO invoice (id, invoice_date, address, city, state, country, post_code, total, customer_id) VALUES (222, '2011-08-30', '801 W 4th Street', 'Reno', 'NV', 'USA', '89503', 1386, 21);
INSERT INTO invoice (id, invoice_date, address, city, state, country, post_code, total, customer_id) VALUES (223, '2011-09-07', 'Rua dos Campeões Europeus de Viena, 4350', 'Porto', null, 'Portugal', null, 99, 35);
INSERT INTO invoice (id, invoice_date, address, city, state, country, post_code, total, customer_id) VALUES (224, '2011-09-20', 'Tauentzienstraße 8', 'Berlin', null, 'Germany', '10789', 198, 36);
INSERT INTO invoice (id, invoice_date, address, city, state, country, post_code, total, customer_id) VALUES (225, '2011-09-20', 'Barbarossastraße 19', 'Berlin', null, 'Germany', '10779', 198, 38);
INSERT INTO invoice (id, invoice_date, address, city, state, country, post_code, total, customer_id) VALUES (226, '2011-09-21', '8, Rue Hanovre', 'Paris', null, 'France', '75002', 396, 40);
INSERT INTO invoice (id, invoice_date, address, city, state, country, post_code, total, customer_id) VALUES (227, '2011-09-22', 'Porthaninkatu 9', 'Helsinki', null, 'Finland', '00530', 594, 44);
INSERT INTO invoice (id, invoice_date, address, city, state, country, post_code, total, customer_id) VALUES (228, '2011-09-25', 'C/ San Bernardo 85', 'Madrid', null, 'Spain', '28015', 891, 50);
INSERT INTO invoice (id, invoice_date, address, city, state, country, post_code, total, customer_id) VALUES (229, '2011-09-30', '3,Raj Bhavan Road', 'Bangalore', null, 'India', '560001', 1386, 59);
INSERT INTO invoice (id, invoice_date, address, city, state, country, post_code, total, customer_id) VALUES (230, '2011-10-08', '8210 111 ST NW', 'Edmonton', 'AB', 'Canada', 'T6G 2C7', 99, 14);
INSERT INTO invoice (id, invoice_date, address, city, state, country, post_code, total, customer_id) VALUES (231, '2011-10-21', '700 W Pender Street', 'Vancouver', 'BC', 'Canada', 'V6C 1G8', 198, 15);
INSERT INTO invoice (id, invoice_date, address, city, state, country, post_code, total, customer_id) VALUES (232, '2011-10-21', '1 Microsoft Way', 'Redmond', 'WA', 'USA', '98052-8300', 198, 17);
INSERT INTO invoice (id, invoice_date, address, city, state, country, post_code, total, customer_id) VALUES (233, '2011-10-22', '1 Infinite Loop', 'Cupertino', 'CA', 'USA', '95014', 396, 19);
INSERT INTO invoice (id, invoice_date, address, city, state, country, post_code, total, customer_id) VALUES (234, '2011-10-23', '69 Salem Street', 'Boston', 'MA', 'USA', '2113', 594, 23);
INSERT INTO invoice (id, invoice_date, address, city, state, country, post_code, total, customer_id) VALUES (235, '2011-10-26', '796 Dundas Street West', 'Toronto', 'ON', 'Canada', 'M6J 1V1', 891, 29);
INSERT INTO invoice (id, invoice_date, address, city, state, country, post_code, total, customer_id) VALUES (236, '2011-10-31', 'Barbarossastraße 19', 'Berlin', null, 'Germany', '10779', 1386, 38);
INSERT INTO invoice (id, invoice_date, address, city, state, country, post_code, total, customer_id) VALUES (237, '2011-11-08', '202 Hoxton Street', 'London', null, 'United Kingdom', 'N1 5LH', 99, 52);
INSERT INTO invoice (id, invoice_date, address, city, state, country, post_code, total, customer_id) VALUES (238, '2011-11-21', '113 Lupus St', 'London', null, 'United Kingdom', 'SW1V 3EN', 198, 53);
INSERT INTO invoice (id, invoice_date, address, city, state, country, post_code, total, customer_id) VALUES (239, '2011-11-21', '421 Bourke Street', 'Sidney', 'NSW', 'Australia', '2010', 198, 55);
INSERT INTO invoice (id, invoice_date, address, city, state, country, post_code, total, customer_id) VALUES (240, '2011-11-22', 'Calle Lira, 198', 'Santiago', null, 'Chile', null, 396, 57);
INSERT INTO invoice (id, invoice_date, address, city, state, country, post_code, total, customer_id) VALUES (241, '2011-11-23', 'Theodor-Heuss-Straße 34', 'Stuttgart', null, 'Germany', '70174', 594, 2);
INSERT INTO invoice (id, invoice_date, address, city, state, country, post_code, total, customer_id) VALUES (242, '2011-11-26', 'Grétrystraat 63', 'Brussels', null, 'Belgium', '1000', 891, 8);
INSERT INTO invoice (id, invoice_date, address, city, state, country, post_code, total, customer_id) VALUES (243, '2011-12-01', '1 Microsoft Way', 'Redmond', 'WA', 'USA', '98052-8300', 1386, 17);
INSERT INTO invoice (id, invoice_date, address, city, state, country, post_code, total, customer_id) VALUES (244, '2011-12-09', '194A Chain Lake Drive', 'Halifax', 'NS', 'Canada', 'B3S 1C5', 99, 31);
INSERT INTO invoice (id, invoice_date, address, city, state, country, post_code, total, customer_id) VALUES (245, '2011-12-22', '696 Osborne Street', 'Winnipeg', 'MB', 'Canada', 'R3L 2B9', 198, 32);
INSERT INTO invoice (id, invoice_date, address, city, state, country, post_code, total, customer_id) VALUES (246, '2011-12-22', 'Rua da Assunção 53', 'Lisbon', null, 'Portugal', null, 198, 34);
INSERT INTO invoice (id, invoice_date, address, city, state, country, post_code, total, customer_id) VALUES (247, '2011-12-23', 'Tauentzienstraße 8', 'Berlin', null, 'Germany', '10789', 396, 36);
INSERT INTO invoice (id, invoice_date, address, city, state, country, post_code, total, customer_id) VALUES (248, '2011-12-24', '8, Rue Hanovre', 'Paris', null, 'France', '75002', 594, 40);
INSERT INTO invoice (id, invoice_date, address, city, state, country, post_code, total, customer_id) VALUES (249, '2011-12-27', '3 Chatham Street', 'Dublin', 'Dublin', 'Ireland', null, 891, 46);
INSERT INTO invoice (id, invoice_date, address, city, state, country, post_code, total, customer_id) VALUES (250, '2012-01-01', '421 Bourke Street', 'Sidney', 'NSW', 'Australia', '2010', 1386, 55);
INSERT INTO invoice (id, invoice_date, address, city, state, country, post_code, total, customer_id) VALUES (251, '2012-01-09', 'Rua Dr Falcão Filho, 155', 'São Paulo', 'SP', 'Brazil', '01007-010', 99, 10);
INSERT INTO invoice (id, invoice_date, address, city, state, country, post_code, total, customer_id) VALUES (252, '2012-01-22', 'Av Paulista, 2022', 'São Paulo', 'SP', 'Brazil', '01310-200', 198, 11);
INSERT INTO invoice (id, invoice_date, address, city, state, country, post_code, total, customer_id) VALUES (253, '2012-01-22', 'Qe 7 Bloco G', 'Brasília', 'DF', 'Brazil', '71020-677', 198, 13);
INSERT INTO invoice (id, invoice_date, address, city, state, country, post_code, total, customer_id) VALUES (254, '2012-01-23', '700 W Pender Street', 'Vancouver', 'BC', 'Canada', 'V6C 1G8', 396, 15);
INSERT INTO invoice (id, invoice_date, address, city, state, country, post_code, total, customer_id) VALUES (255, '2012-01-24', '1 Infinite Loop', 'Cupertino', 'CA', 'USA', '95014', 594, 19);
INSERT INTO invoice (id, invoice_date, address, city, state, country, post_code, total, customer_id) VALUES (256, '2012-01-27', '319 N Frances Street', 'Madison', 'WI', 'USA', '53703', 891, 25);
INSERT INTO invoice (id, invoice_date, address, city, state, country, post_code, total, customer_id) VALUES (257, '2012-02-01', 'Rua da Assunção 53', 'Lisbon', null, 'Portugal', null, 1386, 34);
INSERT INTO invoice (id, invoice_date, address, city, state, country, post_code, total, customer_id) VALUES (258, '2012-02-09', 'Lijnbaansgracht 120bg', 'Amsterdam', 'VV', 'Netherlands', '1016', 99, 48);
INSERT INTO invoice (id, invoice_date, address, city, state, country, post_code, total, customer_id) VALUES (259, '2012-02-22', 'Ordynacka 10', 'Warsaw', null, 'Poland', '00-358', 198, 49);
INSERT INTO invoice (id, invoice_date, address, city, state, country, post_code, total, customer_id) VALUES (260, '2012-02-22', 'Celsiusg 9', 'Stockholm', null, 'Sweden', '11230', 198, 51);
INSERT INTO invoice (id, invoice_date, address, city, state, country, post_code, total, customer_id) VALUES (261, '2012-02-23', '113 Lupus St', 'London', null, 'United Kingdom', 'SW1V 3EN', 396, 53);
INSERT INTO invoice (id, invoice_date, address, city, state, country, post_code, total, customer_id) VALUES (262, '2012-02-24', 'Calle Lira, 198', 'Santiago', null, 'Chile', null, 594, 57);
INSERT INTO invoice (id, invoice_date, address, city, state, country, post_code, total, customer_id) VALUES (263, '2012-02-27', 'Ullevålsveien 14', 'Oslo', null, 'Norway', '0171', 891, 4);
INSERT INTO invoice (id, invoice_date, address, city, state, country, post_code, total, customer_id) VALUES (264, '2012-03-03', 'Qe 7 Bloco G', 'Brasília', 'DF', 'Brazil', '71020-677', 1386, 13);
INSERT INTO invoice (id, invoice_date, address, city, state, country, post_code, total, customer_id) VALUES (265, '2012-03-11', '1033 N Park Ave', 'Tucson', 'AZ', 'USA', '85719', 99, 27);
INSERT INTO invoice (id, invoice_date, address, city, state, country, post_code, total, customer_id) VALUES (266, '2012-03-24', '302 S 700 E', 'Salt Lake City', 'UT', 'USA', '84102', 198, 28);
INSERT INTO invoice (id, invoice_date, address, city, state, country, post_code, total, customer_id) VALUES (267, '2012-03-24', '230 Elgin Street', 'Ottawa', 'ON', 'Canada', 'K2P 1L7', 198, 30);
INSERT INTO invoice (id, invoice_date, address, city, state, country, post_code, total, customer_id) VALUES (268, '2012-03-25', '696 Osborne Street', 'Winnipeg', 'MB', 'Canada', 'R3L 2B9', 396, 32);
INSERT INTO invoice (id, invoice_date, address, city, state, country, post_code, total, customer_id) VALUES (269, '2012-03-26', 'Tauentzienstraße 8', 'Berlin', null, 'Germany', '10789', 594, 36);
INSERT INTO invoice (id, invoice_date, address, city, state, country, post_code, total, customer_id) VALUES (270, '2012-03-29', '9, Place Louis Barthou', 'Bordeaux', null, 'France', '33000', 891, 42);
INSERT INTO invoice (id, invoice_date, address, city, state, country, post_code, total, customer_id) VALUES (271, '2012-04-03', 'Celsiusg 9', 'Stockholm', null, 'Sweden', '11230', 1386, 51);
INSERT INTO invoice (id, invoice_date, address, city, state, country, post_code, total, customer_id) VALUES (272, '2012-04-11', 'Rilská 3174/6', 'Prague', null, 'Czech Republic', '14300', 99, 6);
INSERT INTO invoice (id, invoice_date, address, city, state, country, post_code, total, customer_id) VALUES (273, '2012-04-24', 'Rotenturmstraße 4, 1010 Innere Stadt', 'Vienne', null, 'Austria', '1010', 198, 7);
INSERT INTO invoice (id, invoice_date, address, city, state, country, post_code, total, customer_id) VALUES (274, '2012-04-24', 'Sønder Boulevard 51', 'Copenhagen', null, 'Denmark', '1720', 198, 9);
INSERT INTO invoice (id, invoice_date, address, city, state, country, post_code, total, customer_id) VALUES (275, '2012-04-25', 'Av Paulista, 2022', 'São Paulo', 'SP', 'Brazil', '01310-200', 396, 11);
INSERT INTO invoice (id, invoice_date, address, city, state, country, post_code, total, customer_id) VALUES (276, '2012-04-26', '700 W Pender Street', 'Vancouver', 'BC', 'Canada', 'V6C 1G8', 594, 15);
INSERT INTO invoice (id, invoice_date, address, city, state, country, post_code, total, customer_id) VALUES (277, '2012-04-29', '801 W 4th Street', 'Reno', 'NV', 'USA', '89503', 891, 21);
INSERT INTO invoice (id, invoice_date, address, city, state, country, post_code, total, customer_id) VALUES (278, '2012-05-04', '230 Elgin Street', 'Ottawa', 'ON', 'Canada', 'K2P 1L7', 1386, 30);
INSERT INTO invoice (id, invoice_date, address, city, state, country, post_code, total, customer_id) VALUES (279, '2012-05-12', 'Porthaninkatu 9', 'Helsinki', null, 'Finland', '00530', 99, 44);
INSERT INTO invoice (id, invoice_date, address, city, state, country, post_code, total, customer_id) VALUES (280, '2012-05-25', 'Erzsébet krt 58', 'Budapest', null, 'Hungary', 'H-1073', 198, 45);
INSERT INTO invoice (id, invoice_date, address, city, state, country, post_code, total, customer_id) VALUES (281, '2012-05-25', 'Via Degli Scipioni, 43', 'Rome', 'RM', 'Italy', '00192', 198, 47);
INSERT INTO invoice (id, invoice_date, address, city, state, country, post_code, total, customer_id) VALUES (282, '2012-05-26', 'Ordynacka 10', 'Warsaw', null, 'Poland', '00-358', 396, 49);
INSERT INTO invoice (id, invoice_date, address, city, state, country, post_code, total, customer_id) VALUES (283, '2012-05-27', '113 Lupus St', 'London', null, 'United Kingdom', 'SW1V 3EN', 594, 53);
INSERT INTO invoice (id, invoice_date, address, city, state, country, post_code, total, customer_id) VALUES (284, '2012-05-30', '3,Raj Bhavan Road', 'Bangalore', null, 'India', '560001', 891, 59);
INSERT INTO invoice (id, invoice_date, address, city, state, country, post_code, total, customer_id) VALUES (285, '2012-06-04', 'Sønder Boulevard 51', 'Copenhagen', null, 'Denmark', '1720', 1386, 9);
INSERT INTO invoice (id, invoice_date, address, city, state, country, post_code, total, customer_id) VALUES (286, '2012-06-12', '69 Salem Street', 'Boston', 'MA', 'USA', '2113', 99, 23);
INSERT INTO invoice (id, invoice_date, address, city, state, country, post_code, total, customer_id) VALUES (287, '2012-06-25', '162 E Superior Street', 'Chicago', 'IL', 'USA', '60611', 198, 24);
INSERT INTO invoice (id, invoice_date, address, city, state, country, post_code, total, customer_id) VALUES (288, '2012-06-25', '2211 W Berry Street', 'Fort Worth', 'TX', 'USA', '76110', 198, 26);
INSERT INTO invoice (id, invoice_date, address, city, state, country, post_code, total, customer_id) VALUES (289, '2012-06-26', '302 S 700 E', 'Salt Lake City', 'UT', 'USA', '84102', 396, 28);
INSERT INTO invoice (id, invoice_date, address, city, state, country, post_code, total, customer_id) VALUES (290, '2012-06-27', '696 Osborne Street', 'Winnipeg', 'MB', 'Canada', 'R3L 2B9', 594, 32);
INSERT INTO invoice (id, invoice_date, address, city, state, country, post_code, total, customer_id) VALUES (291, '2012-06-30', 'Barbarossastraße 19', 'Berlin', null, 'Germany', '10779', 891, 38);
INSERT INTO invoice (id, invoice_date, address, city, state, country, post_code, total, customer_id) VALUES (292, '2012-07-05', 'Via Degli Scipioni, 43', 'Rome', 'RM', 'Italy', '00192', 1386, 47);
INSERT INTO invoice (id, invoice_date, address, city, state, country, post_code, total, customer_id) VALUES (293, '2012-07-13', 'Theodor-Heuss-Straße 34', 'Stuttgart', null, 'Germany', '70174', 99, 2);
INSERT INTO invoice (id, invoice_date, address, city, state, country, post_code, total, customer_id) VALUES (294, '2012-07-26', '1498 rue Bélanger', 'Montréal', 'QC', 'Canada', 'H2G 1A7', 198, 3);
INSERT INTO invoice (id, invoice_date, address, city, state, country, post_code, total, customer_id) VALUES (295, '2012-07-26', 'Klanova 9/506', 'Prague', null, 'Czech Republic', '14700', 198, 5);
INSERT INTO invoice (id, invoice_date, address, city, state, country, post_code, total, customer_id) VALUES (296, '2012-07-27', 'Rotenturmstraße 4, 1010 Innere Stadt', 'Vienne', null, 'Austria', '1010', 396, 7);
INSERT INTO invoice (id, invoice_date, address, city, state, country, post_code, total, customer_id) VALUES (297, '2012-07-28', 'Av Paulista, 2022', 'São Paulo', 'SP', 'Brazil', '01310-200', 594, 11);
INSERT INTO invoice (id, invoice_date, address, city, state, country, post_code, total, customer_id) VALUES (298, '2012-07-31', '1 Microsoft Way', 'Redmond', 'WA', 'USA', '98052-8300', 191, 17);
INSERT INTO invoice (id, invoice_date, address, city, state, country, post_code, total, customer_id) VALUES (299, '2012-08-05', '2211 W Berry Street', 'Fort Worth', 'TX', 'USA', '76110', 2386, 26);
INSERT INTO invoice (id, invoice_date, address, city, state, country, post_code, total, customer_id) VALUES (300, '2012-08-13', '8, Rue Hanovre', 'Paris', null, 'France', '75002', 99, 40);
INSERT INTO invoice (id, invoice_date, address, city, state, country, post_code, total, customer_id) VALUES (301, '2012-08-26', '11, Place Bellecour', 'Lyon', null, 'France', '69002', 198, 41);
INSERT INTO invoice (id, invoice_date, address, city, state, country, post_code, total, customer_id) VALUES (302, '2012-08-26', '68, Rue Jouvence', 'Dijon', null, 'France', '21000', 198, 43);
INSERT INTO invoice (id, invoice_date, address, city, state, country, post_code, total, customer_id) VALUES (303, '2012-08-27', 'Erzsébet krt 58', 'Budapest', null, 'Hungary', 'H-1073', 396, 45);
INSERT INTO invoice (id, invoice_date, address, city, state, country, post_code, total, customer_id) VALUES (304, '2012-08-28', 'Ordynacka 10', 'Warsaw', null, 'Poland', '00-358', 594, 49);
INSERT INTO invoice (id, invoice_date, address, city, state, country, post_code, total, customer_id) VALUES (305, '2012-08-31', '421 Bourke Street', 'Sidney', 'NSW', 'Australia', '2010', 891, 55);
INSERT INTO invoice (id, invoice_date, address, city, state, country, post_code, total, customer_id) VALUES (306, '2012-09-05', 'Klanova 9/506', 'Prague', null, 'Czech Republic', '14700', 1686, 5);
INSERT INTO invoice (id, invoice_date, address, city, state, country, post_code, total, customer_id) VALUES (307, '2012-09-13', '1 Infinite Loop', 'Cupertino', 'CA', 'USA', '95014', 199, 19);
INSERT INTO invoice (id, invoice_date, address, city, state, country, post_code, total, customer_id) VALUES (308, '2012-09-26', '541 Del Medio Avenue', 'Mountain View', 'CA', 'USA', '94040-111', 398, 20);
INSERT INTO invoice (id, invoice_date, address, city, state, country, post_code, total, customer_id) VALUES (309, '2012-09-26', '120 S Orange Ave', 'Orlando', 'FL', 'USA', '32801', 398, 22);
INSERT INTO invoice (id, invoice_date, address, city, state, country, post_code, total, customer_id) VALUES (310, '2012-09-27', '162 E Superior Street', 'Chicago', 'IL', 'USA', '60611', 796, 24);
INSERT INTO invoice (id, invoice_date, address, city, state, country, post_code, total, customer_id) VALUES (311, '2012-09-28', '302 S 700 E', 'Salt Lake City', 'UT', 'USA', '84102', 1194, 28);
INSERT INTO invoice (id, invoice_date, address, city, state, country, post_code, total, customer_id) VALUES (312, '2012-10-01', 'Rua da Assunção 53', 'Lisbon', null, 'Portugal', null, 191, 34);
INSERT INTO invoice (id, invoice_date, address, city, state, country, post_code, total, customer_id) VALUES (313, '2012-10-06', '68, Rue Jouvence', 'Dijon', null, 'France', '21000', 1686, 43);
INSERT INTO invoice (id, invoice_date, address, city, state, country, post_code, total, customer_id) VALUES (314, '2012-10-14', 'Calle Lira, 198', 'Santiago', null, 'Chile', null, 99, 57);
INSERT INTO invoice (id, invoice_date, address, city, state, country, post_code, total, customer_id) VALUES (315, '2012-10-27', '12,Community Centre', 'Delhi', null, 'India', '110017', 198, 58);
INSERT INTO invoice (id, invoice_date, address, city, state, country, post_code, total, customer_id) VALUES (316, '2012-10-27', 'Av Brigadeiro Faria Lima, 2170', 'São José dos Campos', 'SP', 'Brazil', '12227-000', 198, 1);
INSERT INTO invoice (id, invoice_date, address, city, state, country, post_code, total, customer_id) VALUES (317, '2012-10-28', '1498 rue Bélanger', 'Montréal', 'QC', 'Canada', 'H2G 1A7', 396, 3);
INSERT INTO invoice (id, invoice_date, address, city, state, country, post_code, total, customer_id) VALUES (318, '2012-10-29', 'Rotenturmstraße 4, 1010 Innere Stadt', 'Vienne', null, 'Austria', '1010', 594, 7);
INSERT INTO invoice (id, invoice_date, address, city, state, country, post_code, total, customer_id) VALUES (319, '2012-11-01', 'Qe 7 Bloco G', 'Brasília', 'DF', 'Brazil', '71020-677', 891, 13);
INSERT INTO invoice (id, invoice_date, address, city, state, country, post_code, total, customer_id) VALUES (320, '2012-11-06', '120 S Orange Ave', 'Orlando', 'FL', 'USA', '32801', 1386, 22);
INSERT INTO invoice (id, invoice_date, address, city, state, country, post_code, total, customer_id) VALUES (321, '2012-11-14', 'Tauentzienstraße 8', 'Berlin', null, 'Germany', '10789', 99, 36);
INSERT INTO invoice (id, invoice_date, address, city, state, country, post_code, total, customer_id) VALUES (322, '2012-11-27', 'Berger Straße 10', 'Frankfurt', null, 'Germany', '60316', 198, 37);
INSERT INTO invoice (id, invoice_date, address, city, state, country, post_code, total, customer_id) VALUES (323, '2012-11-27', '4, Rue Milton', 'Paris', null, 'France', '75009', 198, 39);
INSERT INTO invoice (id, invoice_date, address, city, state, country, post_code, total, customer_id) VALUES (324, '2012-11-28', '11, Place Bellecour', 'Lyon', null, 'France', '69002', 396, 41);
INSERT INTO invoice (id, invoice_date, address, city, state, country, post_code, total, customer_id) VALUES (325, '2012-11-29', 'Erzsébet krt 58', 'Budapest', null, 'Hungary', 'H-1073', 594, 45);
INSERT INTO invoice (id, invoice_date, address, city, state, country, post_code, total, customer_id) VALUES (326, '2012-12-02', 'Celsiusg 9', 'Stockholm', null, 'Sweden', '11230', 891, 51);
INSERT INTO invoice (id, invoice_date, address, city, state, country, post_code, total, customer_id) VALUES (327, '2012-12-07', 'Av Brigadeiro Faria Lima, 2170', 'São José dos Campos', 'SP', 'Brazil', '12227-000', 1386, 1);
INSERT INTO invoice (id, invoice_date, address, city, state, country, post_code, total, customer_id) VALUES (328, '2012-12-15', '700 W Pender Street', 'Vancouver', 'BC', 'Canada', 'V6C 1G8', 99, 15);
INSERT INTO invoice (id, invoice_date, address, city, state, country, post_code, total, customer_id) VALUES (329, '2012-12-28', '1600 Amphitheatre Parkway', 'Mountain View', 'CA', 'USA', '94043-1351', 198, 16);
INSERT INTO invoice (id, invoice_date, address, city, state, country, post_code, total, customer_id) VALUES (330, '2012-12-28', '627 Broadway', 'New York', 'NY', 'USA', '10012-2612', 198, 18);
INSERT INTO invoice (id, invoice_date, address, city, state, country, post_code, total, customer_id) VALUES (331, '2012-12-29', '541 Del Medio Avenue', 'Mountain View', 'CA', 'USA', '94040-111', 396, 20);
INSERT INTO invoice (id, invoice_date, address, city, state, country, post_code, total, customer_id) VALUES (332, '2012-12-30', '162 E Superior Street', 'Chicago', 'IL', 'USA', '60611', 594, 24);
INSERT INTO invoice (id, invoice_date, address, city, state, country, post_code, total, customer_id) VALUES (333, '2013-01-02', '230 Elgin Street', 'Ottawa', 'ON', 'Canada', 'K2P 1L7', 891, 30);
INSERT INTO invoice (id, invoice_date, address, city, state, country, post_code, total, customer_id) VALUES (334, '2013-01-07', '4, Rue Milton', 'Paris', null, 'France', '75009', 1386, 39);
INSERT INTO invoice (id, invoice_date, address, city, state, country, post_code, total, customer_id) VALUES (335, '2013-01-15', '113 Lupus St', 'London', null, 'United Kingdom', 'SW1V 3EN', 99, 53);
INSERT INTO invoice (id, invoice_date, address, city, state, country, post_code, total, customer_id) VALUES (336, '2013-01-28', '110 Raeburn Pl', 'Edinburgh', null, 'United Kingdom', 'EH4 1HH', 198, 54);
INSERT INTO invoice (id, invoice_date, address, city, state, country, post_code, total, customer_id) VALUES (337, '2013-01-28', '307 Macacha Güemes', 'Buenos Aires', null, 'Argentina', '1106', 198, 56);
INSERT INTO invoice (id, invoice_date, address, city, state, country, post_code, total, customer_id) VALUES (338, '2013-01-29', '12,Community Centre', 'Delhi', null, 'India', '110017', 396, 58);
INSERT INTO invoice (id, invoice_date, address, city, state, country, post_code, total, customer_id) VALUES (339, '2013-01-30', '1498 rue Bélanger', 'Montréal', 'QC', 'Canada', 'H2G 1A7', 594, 3);
INSERT INTO invoice (id, invoice_date, address, city, state, country, post_code, total, customer_id) VALUES (340, '2013-02-02', 'Sønder Boulevard 51', 'Copenhagen', null, 'Denmark', '1720', 891, 9);
INSERT INTO invoice (id, invoice_date, address, city, state, country, post_code, total, customer_id) VALUES (341, '2013-02-07', '627 Broadway', 'New York', 'NY', 'USA', '10012-2612', 1386, 18);
INSERT INTO invoice (id, invoice_date, address, city, state, country, post_code, total, customer_id) VALUES (342, '2013-02-15', '696 Osborne Street', 'Winnipeg', 'MB', 'Canada', 'R3L 2B9', 99, 32);
INSERT INTO invoice (id, invoice_date, address, city, state, country, post_code, total, customer_id) VALUES (343, '2013-02-28', '5112 48 Street', 'Yellowknife', 'NT', 'Canada', 'X1A 1N6', 198, 33);
INSERT INTO invoice (id, invoice_date, address, city, state, country, post_code, total, customer_id) VALUES (344, '2013-02-28', 'Rua dos Campeões Europeus de Viena, 4350', 'Porto', null, 'Portugal', null, 198, 35);
INSERT INTO invoice (id, invoice_date, address, city, state, country, post_code, total, customer_id) VALUES (345, '2013-03-01', 'Berger Straße 10', 'Frankfurt', null, 'Germany', '60316', 396, 37);
INSERT INTO invoice (id, invoice_date, address, city, state, country, post_code, total, customer_id) VALUES (346, '2013-03-02', '11, Place Bellecour', 'Lyon', null, 'France', '69002', 594, 41);
INSERT INTO invoice (id, invoice_date, address, city, state, country, post_code, total, customer_id) VALUES (347, '2013-03-05', 'Via Degli Scipioni, 43', 'Rome', 'RM', 'Italy', '00192', 891, 47);
INSERT INTO invoice (id, invoice_date, address, city, state, country, post_code, total, customer_id) VALUES (348, '2013-03-10', '307 Macacha Güemes', 'Buenos Aires', null, 'Argentina', '1106', 1386, 56);
INSERT INTO invoice (id, invoice_date, address, city, state, country, post_code, total, customer_id) VALUES (349, '2013-03-18', 'Av Paulista, 2022', 'São Paulo', 'SP', 'Brazil', '01310-200', 99, 11);
INSERT INTO invoice (id, invoice_date, address, city, state, country, post_code, total, customer_id) VALUES (350, '2013-03-31', 'Praça Pio X, 119', 'Rio de Janeiro', 'RJ', 'Brazil', '20040-020', 198, 12);
INSERT INTO invoice (id, invoice_date, address, city, state, country, post_code, total, customer_id) VALUES (351, '2013-03-31', '8210 111 ST NW', 'Edmonton', 'AB', 'Canada', 'T6G 2C7', 198, 14);
INSERT INTO invoice (id, invoice_date, address, city, state, country, post_code, total, customer_id) VALUES (352, '2013-04-01', '1600 Amphitheatre Parkway', 'Mountain View', 'CA', 'USA', '94043-1351', 396, 16);
INSERT INTO invoice (id, invoice_date, address, city, state, country, post_code, total, customer_id) VALUES (353, '2013-04-02', '541 Del Medio Avenue', 'Mountain View', 'CA', 'USA', '94040-111', 594, 20);
INSERT INTO invoice (id, invoice_date, address, city, state, country, post_code, total, customer_id) VALUES (354, '2013-04-05', '2211 W Berry Street', 'Fort Worth', 'TX', 'USA', '76110', 891, 26);
INSERT INTO invoice (id, invoice_date, address, city, state, country, post_code, total, customer_id) VALUES (355, '2013-04-10', 'Rua dos Campeões Europeus de Viena, 4350', 'Porto', null, 'Portugal', null, 1386, 35);
INSERT INTO invoice (id, invoice_date, address, city, state, country, post_code, total, customer_id) VALUES (356, '2013-04-18', 'Ordynacka 10', 'Warsaw', null, 'Poland', '00-358', 99, 49);
INSERT INTO invoice (id, invoice_date, address, city, state, country, post_code, total, customer_id) VALUES (357, '2013-05-01', 'C/ San Bernardo 85', 'Madrid', null, 'Spain', '28015', 198, 50);
INSERT INTO invoice (id, invoice_date, address, city, state, country, post_code, total, customer_id) VALUES (358, '2013-05-01', '202 Hoxton Street', 'London', null, 'United Kingdom', 'N1 5LH', 198, 52);
INSERT INTO invoice (id, invoice_date, address, city, state, country, post_code, total, customer_id) VALUES (359, '2013-05-02', '110 Raeburn Pl', 'Edinburgh', null, 'United Kingdom', 'EH4 1HH', 396, 54);
INSERT INTO invoice (id, invoice_date, address, city, state, country, post_code, total, customer_id) VALUES (360, '2013-05-03', '12,Community Centre', 'Delhi', null, 'India', '110017', 594, 58);
INSERT INTO invoice (id, invoice_date, address, city, state, country, post_code, total, customer_id) VALUES (361, '2013-05-06', 'Klanova 9/506', 'Prague', null, 'Czech Republic', '14700', 891, 5);
INSERT INTO invoice (id, invoice_date, address, city, state, country, post_code, total, customer_id) VALUES (362, '2013-05-11', '8210 111 ST NW', 'Edmonton', 'AB', 'Canada', 'T6G 2C7', 1386, 14);
INSERT INTO invoice (id, invoice_date, address, city, state, country, post_code, total, customer_id) VALUES (363, '2013-05-19', '302 S 700 E', 'Salt Lake City', 'UT', 'USA', '84102', 99, 28);
INSERT INTO invoice (id, invoice_date, address, city, state, country, post_code, total, customer_id) VALUES (364, '2013-06-01', '796 Dundas Street West', 'Toronto', 'ON', 'Canada', 'M6J 1V1', 198, 29);
INSERT INTO invoice (id, invoice_date, address, city, state, country, post_code, total, customer_id) VALUES (365, '2013-06-01', '194A Chain Lake Drive', 'Halifax', 'NS', 'Canada', 'B3S 1C5', 198, 31);
INSERT INTO invoice (id, invoice_date, address, city, state, country, post_code, total, customer_id) VALUES (366, '2013-06-02', '5112 48 Street', 'Yellowknife', 'NT', 'Canada', 'X1A 1N6', 396, 33);
INSERT INTO invoice (id, invoice_date, address, city, state, country, post_code, total, customer_id) VALUES (367, '2013-06-03', 'Berger Straße 10', 'Frankfurt', null, 'Germany', '60316', 594, 37);
INSERT INTO invoice (id, invoice_date, address, city, state, country, post_code, total, customer_id) VALUES (368, '2013-06-06', '68, Rue Jouvence', 'Dijon', null, 'France', '21000', 891, 43);
INSERT INTO invoice (id, invoice_date, address, city, state, country, post_code, total, customer_id) VALUES (369, '2013-06-11', '202 Hoxton Street', 'London', null, 'United Kingdom', 'N1 5LH', 1386, 52);
INSERT INTO invoice (id, invoice_date, address, city, state, country, post_code, total, customer_id) VALUES (370, '2013-06-19', 'Rotenturmstraße 4, 1010 Innere Stadt', 'Vienne', null, 'Austria', '1010', 99, 7);
INSERT INTO invoice (id, invoice_date, address, city, state, country, post_code, total, customer_id) VALUES (371, '2013-07-02', 'Grétrystraat 63', 'Brussels', null, 'Belgium', '1000', 198, 8);
INSERT INTO invoice (id, invoice_date, address, city, state, country, post_code, total, customer_id) VALUES (372, '2013-07-02', 'Rua Dr Falcão Filho, 155', 'São Paulo', 'SP', 'Brazil', '01007-010', 198, 10);
INSERT INTO invoice (id, invoice_date, address, city, state, country, post_code, total, customer_id) VALUES (373, '2013-07-03', 'Praça Pio X, 119', 'Rio de Janeiro', 'RJ', 'Brazil', '20040-020', 396, 12);
INSERT INTO invoice (id, invoice_date, address, city, state, country, post_code, total, customer_id) VALUES (374, '2013-07-04', '1600 Amphitheatre Parkway', 'Mountain View', 'CA', 'USA', '94043-1351', 594, 16);
INSERT INTO invoice (id, invoice_date, address, city, state, country, post_code, total, customer_id) VALUES (375, '2013-07-07', '120 S Orange Ave', 'Orlando', 'FL', 'USA', '32801', 891, 22);
INSERT INTO invoice (id, invoice_date, address, city, state, country, post_code, total, customer_id) VALUES (376, '2013-07-12', '194A Chain Lake Drive', 'Halifax', 'NS', 'Canada', 'B3S 1C5', 1386, 31);
INSERT INTO invoice (id, invoice_date, address, city, state, country, post_code, total, customer_id) VALUES (377, '2013-07-20', 'Erzsébet krt 58', 'Budapest', null, 'Hungary', 'H-1073', 99, 45);
INSERT INTO invoice (id, invoice_date, address, city, state, country, post_code, total, customer_id) VALUES (378, '2013-08-02', '3 Chatham Street', 'Dublin', 'Dublin', 'Ireland', null, 198, 46);
INSERT INTO invoice (id, invoice_date, address, city, state, country, post_code, total, customer_id) VALUES (379, '2013-08-02', 'Lijnbaansgracht 120bg', 'Amsterdam', 'VV', 'Netherlands', '1016', 198, 48);
INSERT INTO invoice (id, invoice_date, address, city, state, country, post_code, total, customer_id) VALUES (380, '2013-08-03', 'C/ San Bernardo 85', 'Madrid', null, 'Spain', '28015', 396, 50);
INSERT INTO invoice (id, invoice_date, address, city, state, country, post_code, total, customer_id) VALUES (381, '2013-08-04', '110 Raeburn Pl', 'Edinburgh', null, 'United Kingdom', 'EH4 1HH', 594, 54);
INSERT INTO invoice (id, invoice_date, address, city, state, country, post_code, total, customer_id) VALUES (382, '2013-08-07', 'Av Brigadeiro Faria Lima, 2170', 'São José dos Campos', 'SP', 'Brazil', '12227-000', 891, 1);
INSERT INTO invoice (id, invoice_date, address, city, state, country, post_code, total, customer_id) VALUES (383, '2013-08-12', 'Rua Dr Falcão Filho, 155', 'São Paulo', 'SP', 'Brazil', '01007-010', 1386, 10);
INSERT INTO invoice (id, invoice_date, address, city, state, country, post_code, total, customer_id) VALUES (384, '2013-08-20', '162 E Superior Street', 'Chicago', 'IL', 'USA', '60611', 99, 24);
INSERT INTO invoice (id, invoice_date, address, city, state, country, post_code, total, customer_id) VALUES (385, '2013-09-02', '319 N Frances Street', 'Madison', 'WI', 'USA', '53703', 198, 25);
INSERT INTO invoice (id, invoice_date, address, city, state, country, post_code, total, customer_id) VALUES (386, '2013-09-02', '1033 N Park Ave', 'Tucson', 'AZ', 'USA', '85719', 198, 27);
INSERT INTO invoice (id, invoice_date, address, city, state, country, post_code, total, customer_id) VALUES (387, '2013-09-03', '796 Dundas Street West', 'Toronto', 'ON', 'Canada', 'M6J 1V1', 396, 29);
INSERT INTO invoice (id, invoice_date, address, city, state, country, post_code, total, customer_id) VALUES (388, '2013-09-04', '5112 48 Street', 'Yellowknife', 'NT', 'Canada', 'X1A 1N6', 594, 33);
INSERT INTO invoice (id, invoice_date, address, city, state, country, post_code, total, customer_id) VALUES (389, '2013-09-07', '4, Rue Milton', 'Paris', null, 'France', '75009', 891, 39);
INSERT INTO invoice (id, invoice_date, address, city, state, country, post_code, total, customer_id) VALUES (390, '2013-09-12', 'Lijnbaansgracht 120bg', 'Amsterdam', 'VV', 'Netherlands', '1016', 1386, 48);
INSERT INTO invoice (id, invoice_date, address, city, state, country, post_code, total, customer_id) VALUES (391, '2013-09-20', '1498 rue Bélanger', 'Montréal', 'QC', 'Canada', 'H2G 1A7', 99, 3);
INSERT INTO invoice (id, invoice_date, address, city, state, country, post_code, total, customer_id) VALUES (392, '2013-10-03', 'Ullevålsveien 14', 'Oslo', null, 'Norway', '0171', 198, 4);
INSERT INTO invoice (id, invoice_date, address, city, state, country, post_code, total, customer_id) VALUES (393, '2013-10-03', 'Rilská 3174/6', 'Prague', null, 'Czech Republic', '14300', 198, 6);
INSERT INTO invoice (id, invoice_date, address, city, state, country, post_code, total, customer_id) VALUES (394, '2013-10-04', 'Grétrystraat 63', 'Brussels', null, 'Belgium', '1000', 396, 8);
INSERT INTO invoice (id, invoice_date, address, city, state, country, post_code, total, customer_id) VALUES (395, '2013-10-05', 'Praça Pio X, 119', 'Rio de Janeiro', 'RJ', 'Brazil', '20040-020', 594, 12);
INSERT INTO invoice (id, invoice_date, address, city, state, country, post_code, total, customer_id) VALUES (396, '2013-10-08', '627 Broadway', 'New York', 'NY', 'USA', '10012-2612', 891, 18);
INSERT INTO invoice (id, invoice_date, address, city, state, country, post_code, total, customer_id) VALUES (397, '2013-10-13', '1033 N Park Ave', 'Tucson', 'AZ', 'USA', '85719', 1386, 27);
INSERT INTO invoice (id, invoice_date, address, city, state, country, post_code, total, customer_id) VALUES (398, '2013-10-21', '11, Place Bellecour', 'Lyon', null, 'France', '69002', 99, 41);
INSERT INTO invoice (id, invoice_date, address, city, state, country, post_code, total, customer_id) VALUES (399, '2013-11-03', '9, Place Louis Barthou', 'Bordeaux', null, 'France', '33000', 198, 42);
INSERT INTO invoice (id, invoice_date, address, city, state, country, post_code, total, customer_id) VALUES (400, '2013-11-03', 'Porthaninkatu 9', 'Helsinki', null, 'Finland', '00530', 198, 44);
INSERT INTO invoice (id, invoice_date, address, city, state, country, post_code, total, customer_id) VALUES (401, '2013-11-04', '3 Chatham Street', 'Dublin', 'Dublin', 'Ireland', null, 396, 46);
INSERT INTO invoice (id, invoice_date, address, city, state, country, post_code, total, customer_id) VALUES (402, '2013-11-05', 'C/ San Bernardo 85', 'Madrid', null, 'Spain', '28015', 594, 50);
INSERT INTO invoice (id, invoice_date, address, city, state, country, post_code, total, customer_id) VALUES (403, '2013-11-08', '307 Macacha Güemes', 'Buenos Aires', null, 'Argentina', '1106', 891, 56);
INSERT INTO invoice (id, invoice_date, address, city, state, country, post_code, total, customer_id) VALUES (404, '2013-11-13', 'Rilská 3174/6', 'Prague', null, 'Czech Republic', '14300', 2586, 6);
INSERT INTO invoice (id, invoice_date, address, city, state, country, post_code, total, customer_id) VALUES (405, '2013-11-21', '541 Del Medio Avenue', 'Mountain View', 'CA', 'USA', '94040-111', 99, 20);
INSERT INTO invoice (id, invoice_date, address, city, state, country, post_code, total, customer_id) VALUES (406, '2013-12-04', '801 W 4th Street', 'Reno', 'NV', 'USA', '89503', 198, 21);
INSERT INTO invoice (id, invoice_date, address, city, state, country, post_code, total, customer_id) VALUES (407, '2013-12-04', '69 Salem Street', 'Boston', 'MA', 'USA', '2113', 198, 23);
INSERT INTO invoice (id, invoice_date, address, city, state, country, post_code, total, customer_id) VALUES (408, '2013-12-05', '319 N Frances Street', 'Madison', 'WI', 'USA', '53703', 396, 25);
INSERT INTO invoice (id, invoice_date, address, city, state, country, post_code, total, customer_id) VALUES (409, '2013-12-06', '796 Dundas Street West', 'Toronto', 'ON', 'Canada', 'M6J 1V1', 594, 29);
INSERT INTO invoice (id, invoice_date, address, city, state, country, post_code, total, customer_id) VALUES (410, '2013-12-09', 'Rua dos Campeões Europeus de Viena, 4350', 'Porto', null, 'Portugal', null, 891, 35);
INSERT INTO invoice (id, invoice_date, address, city, state, country, post_code, total, customer_id) VALUES (411, '2013-12-14', 'Porthaninkatu 9', 'Helsinki', null, 'Finland', '00530', 1386, 44);
INSERT INTO invoice (id, invoice_date, address, city, state, country, post_code, total, customer_id) VALUES (412, '2013-12-22', '12,Community Centre', 'Delhi', null, 'India', '110017', 199, 58);

INSERT INTO artist (id, name, name_lower) VALUES (1, 'AC/DC', 'ac/dc');
INSERT INTO artist (id, name, name_lower) VALUES (2, 'Accept', 'accept');
INSERT INTO artist (id, name, name_lower) VALUES (3, 'Aerosmith', 'aerosmith');
INSERT INTO artist (id, name, name_lower) VALUES (4, 'Alanis Morissette', 'alanis morissette');
INSERT INTO artist (id, name, name_lower) VALUES (5, 'Alice In Chains', 'alice in chains');
INSERT INTO artist (id, name, name_lower) VALUES (6, 'Antônio Carlos Jobim', 'antônio carlos jobim');
INSERT INTO artist (id, name, name_lower) VALUES (7, 'Apocalyptica', 'apocalyptica');
INSERT INTO artist (id, name, name_lower) VALUES (8, 'Audioslave', 'audioslave');
INSERT INTO artist (id, name, name_lower) VALUES (9, 'BackBeat', 'backbeat');
INSERT INTO artist (id, name, name_lower) VALUES (10, 'Billy Cobham', 'billy cobham');
INSERT INTO artist (id, name, name_lower) VALUES (11, 'Black Label Society', 'black label society');
INSERT INTO artist (id, name, name_lower) VALUES (12, 'Black Sabbath', 'black sabbath');
INSERT INTO artist (id, name, name_lower) VALUES (13, 'Body Count', 'body count');
INSERT INTO artist (id, name, name_lower) VALUES (14, 'Bruce Dickinson', 'bruce dickinson');
INSERT INTO artist (id, name, name_lower) VALUES (15, 'Buddy Guy', 'buddy guy');
INSERT INTO artist (id, name, name_lower) VALUES (16, 'Caetano Veloso', 'caetano veloso');
INSERT INTO artist (id, name, name_lower) VALUES (17, 'Chico Buarque', 'chico buarque');
INSERT INTO artist (id, name, name_lower) VALUES (18, 'Chico Science & Nação Zumbi', 'chico science & nação zumbi');
INSERT INTO artist (id, name, name_lower) VALUES (19, 'Cidade Negra', 'cidade negra');
INSERT INTO artist (id, name, name_lower) VALUES (20, 'Cláudio Zoli', 'cláudio zoli');
INSERT INTO artist (id, name, name_lower) VALUES (21, 'Various Artists', 'various artists');
INSERT INTO artist (id, name, name_lower) VALUES (22, 'Led Zeppelin', 'led zeppelin');
INSERT INTO artist (id, name, name_lower) VALUES (23, 'Frank Zappa & Captain Beefheart', 'frank zappa & captain beefheart');
INSERT INTO artist (id, name, name_lower) VALUES (24, 'Marcos Valle', 'marcos valle');
INSERT INTO artist (id, name, name_lower) VALUES (25, 'Milton Nascimento & Bebeto', 'milton nascimento & bebeto');
INSERT INTO artist (id, name, name_lower) VALUES (26, 'Azymuth', 'azymuth');
INSERT INTO artist (id, name, name_lower) VALUES (27, 'Gilberto Gil', 'gilberto gil');
INSERT INTO artist (id, name, name_lower) VALUES (28, 'João Gilberto', 'joão gilberto');
INSERT INTO artist (id, name, name_lower) VALUES (29, 'Bebel Gilberto', 'bebel gilberto');
INSERT INTO artist (id, name, name_lower) VALUES (30, 'Jorge Vercilo', 'jorge vercilo');
INSERT INTO artist (id, name, name_lower) VALUES (31, 'Baby Consuelo', 'baby consuelo');
INSERT INTO artist (id, name, name_lower) VALUES (32, 'Ney Matogrosso', 'ney matogrosso');
INSERT INTO artist (id, name, name_lower) VALUES (33, 'Luiz Melodia', 'luiz melodia');
INSERT INTO artist (id, name, name_lower) VALUES (34, 'Nando Reis', 'nando reis');
INSERT INTO artist (id, name, name_lower) VALUES (35, 'Pedro Luís & A Parede', 'pedro luís & a parede');
INSERT INTO artist (id, name, name_lower) VALUES (36, 'O Rappa', 'o rappa');
INSERT INTO artist (id, name, name_lower) VALUES (37, 'Ed Motta', 'ed motta');
INSERT INTO artist (id, name, name_lower) VALUES (38, 'Banda Black Rio', 'banda black rio');
INSERT INTO artist (id, name, name_lower) VALUES (39, 'Fernanda Porto', 'fernanda porto');
INSERT INTO artist (id, name, name_lower) VALUES (40, 'Os Cariocas', 'os cariocas');
INSERT INTO artist (id, name, name_lower) VALUES (41, 'Elis Regina', 'elis regina');
INSERT INTO artist (id, name, name_lower) VALUES (42, 'Milton Nascimento', 'milton nascimento');
INSERT INTO artist (id, name, name_lower) VALUES (43, 'A Cor Do Som', 'a cor do som');
INSERT INTO artist (id, name, name_lower) VALUES (44, 'Kid Abelha', 'kid abelha');
INSERT INTO artist (id, name, name_lower) VALUES (45, 'Sandra De Sá', 'sandra de sá');
INSERT INTO artist (id, name, name_lower) VALUES (46, 'Jorge Ben', 'jorge ben');
INSERT INTO artist (id, name, name_lower) VALUES (47, 'Hermeto Pascoal', 'hermeto pascoal');
INSERT INTO artist (id, name, name_lower) VALUES (48, 'Barão Vermelho', 'barão vermelho');
INSERT INTO artist (id, name, name_lower) VALUES (49, 'Edson, DJ Marky & DJ Patife Featuring Fernanda Porto', 'edson, dj marky & dj patife featuring fernanda porto');
INSERT INTO artist (id, name, name_lower) VALUES (50, 'Metallica', 'metallica');
INSERT INTO artist (id, name, name_lower) VALUES (51, 'Queen', 'queen');
INSERT INTO artist (id, name, name_lower) VALUES (52, 'Kiss', 'kiss');
INSERT INTO artist (id, name, name_lower) VALUES (53, 'Spyro Gyra', 'spyro gyra');
INSERT INTO artist (id, name, name_lower) VALUES (54, 'Green Day', 'green day');
INSERT INTO artist (id, name, name_lower) VALUES (55, 'David Coverdale', 'david coverdale');
INSERT INTO artist (id, name, name_lower) VALUES (56, 'Gonzaguinha', 'gonzaguinha');
INSERT INTO artist (id, name, name_lower) VALUES (57, 'Os Mutantes', 'os mutantes');
INSERT INTO artist (id, name, name_lower) VALUES (58, 'Deep Purple', 'deep purple');
INSERT INTO artist (id, name, name_lower) VALUES (59, 'Santana', 'santana');
INSERT INTO artist (id, name, name_lower) VALUES (60, 'Santana Feat. Dave Matthews', 'santana feat. dave matthews');
INSERT INTO artist (id, name, name_lower) VALUES (61, 'Santana Feat. Everlast', 'santana feat. everlast');
INSERT INTO artist (id, name, name_lower) VALUES (62, 'Santana Feat. Rob Thomas', 'santana feat. rob thomas');
INSERT INTO artist (id, name, name_lower) VALUES (63, 'Santana Feat. Lauryn Hill & Cee-Lo', 'santana feat. lauryn hill & cee-lo');
INSERT INTO artist (id, name, name_lower) VALUES (64, 'Santana Feat. The Project G&B', 'santana feat. the project g&b');
INSERT INTO artist (id, name, name_lower) VALUES (65, 'Santana Feat. Maná', 'santana feat. maná');
INSERT INTO artist (id, name, name_lower) VALUES (66, 'Santana Feat. Eagle-Eye Cherry', 'santana feat. eagle-eye cherry');
INSERT INTO artist (id, name, name_lower) VALUES (67, 'Santana Feat. Eric Clapton', 'santana feat. eric clapton');
INSERT INTO artist (id, name, name_lower) VALUES (68, 'Miles Davis', 'miles davis');
INSERT INTO artist (id, name, name_lower) VALUES (69, 'Gene Krupa', 'gene krupa');
INSERT INTO artist (id, name, name_lower) VALUES (70, 'Toquinho & Vinícius', 'toquinho & vinícius');
INSERT INTO artist (id, name, name_lower) VALUES (71, 'Vinícius De Moraes & Baden Powell', 'vinícius de moraes & baden powell');
INSERT INTO artist (id, name, name_lower) VALUES (72, 'Vinícius De Moraes', 'vinícius de moraes');
INSERT INTO artist (id, name, name_lower) VALUES (73, 'Vinícius E Qurteto Em Cy', 'vinícius e qurteto em cy');
INSERT INTO artist (id, name, name_lower) VALUES (74, 'Vinícius E Odette Lara', 'vinícius e odette lara');
INSERT INTO artist (id, name, name_lower) VALUES (75, 'Vinicius, Toquinho & Quarteto Em Cy', 'vinicius, toquinho & quarteto em cy');
INSERT INTO artist (id, name, name_lower) VALUES (76, 'Creedence Clearwater Revival', 'creedence clearwater revival');
INSERT INTO artist (id, name, name_lower) VALUES (77, 'Cássia Eller', 'cássia eller');
INSERT INTO artist (id, name, name_lower) VALUES (78, 'Def Leppard', 'def leppard');
INSERT INTO artist (id, name, name_lower) VALUES (79, 'Dennis Chambers', 'dennis chambers');
INSERT INTO artist (id, name, name_lower) VALUES (80, 'Djavan', 'djavan');
INSERT INTO artist (id, name, name_lower) VALUES (81, 'Eric Clapton', 'eric clapton');
INSERT INTO artist (id, name, name_lower) VALUES (82, 'Faith No More', 'faith no more');
INSERT INTO artist (id, name, name_lower) VALUES (83, 'Falamansa', 'falamansa');
INSERT INTO artist (id, name, name_lower) VALUES (84, 'Foo Fighters', 'foo fighters');
INSERT INTO artist (id, name, name_lower) VALUES (85, 'Frank Sinatra', 'frank sinatra');
INSERT INTO artist (id, name, name_lower) VALUES (86, 'Funk Como Le Gusta', 'funk como le gusta');
INSERT INTO artist (id, name, name_lower) VALUES (87, 'Godsmack', 'godsmack');
INSERT INTO artist (id, name, name_lower) VALUES (88, 'Guns N'' Roses', 'guns n'' roses');
INSERT INTO artist (id, name, name_lower) VALUES (89, 'Incognito', 'incognito');
INSERT INTO artist (id, name, name_lower) VALUES (90, 'Iron Maiden', 'iron maiden');
INSERT INTO artist (id, name, name_lower) VALUES (91, 'James Brown', 'james brown');
INSERT INTO artist (id, name, name_lower) VALUES (92, 'Jamiroquai', 'jamiroquai');
INSERT INTO artist (id, name, name_lower) VALUES (93, 'JET', 'jet');
INSERT INTO artist (id, name, name_lower) VALUES (94, 'Jimi Hendrix', 'jimi hendrix');
INSERT INTO artist (id, name, name_lower) VALUES (95, 'Joe Satriani', 'joe satriani');
INSERT INTO artist (id, name, name_lower) VALUES (96, 'Jota Quest', 'jota quest');
INSERT INTO artist (id, name, name_lower) VALUES (97, 'João Suplicy', 'joão suplicy');
INSERT INTO artist (id, name, name_lower) VALUES (98, 'Judas Priest', 'judas priest');
INSERT INTO artist (id, name, name_lower) VALUES (99, 'Legião Urbana', 'legião urbana');
INSERT INTO artist (id, name, name_lower) VALUES (100, 'Lenny Kravitz', 'lenny kravitz');
INSERT INTO artist (id, name, name_lower) VALUES (101, 'Lulu Santos', 'lulu santos');
INSERT INTO artist (id, name, name_lower) VALUES (102, 'Marillion', 'marillion');
INSERT INTO artist (id, name, name_lower) VALUES (103, 'Marisa Monte', 'marisa monte');
INSERT INTO artist (id, name, name_lower) VALUES (104, 'Marvin Gaye', 'marvin gaye');
INSERT INTO artist (id, name, name_lower) VALUES (105, 'Men At Work', 'men at work');
INSERT INTO artist (id, name, name_lower) VALUES (106, 'Motörhead', 'motörhead');
INSERT INTO artist (id, name, name_lower) VALUES (107, 'Motörhead & Girlschool', 'motörhead & girlschool');
INSERT INTO artist (id, name, name_lower) VALUES (108, 'Mônica Marianno', 'mônica marianno');
INSERT INTO artist (id, name, name_lower) VALUES (109, 'Mötley Crüe', 'mötley crüe');
INSERT INTO artist (id, name, name_lower) VALUES (110, 'Nirvana', 'nirvana');
INSERT INTO artist (id, name, name_lower) VALUES (111, 'O Terço', 'o terço');
INSERT INTO artist (id, name, name_lower) VALUES (112, 'Olodum', 'olodum');
INSERT INTO artist (id, name, name_lower) VALUES (113, 'Os Paralamas Do Sucesso', 'os paralamas do sucesso');
INSERT INTO artist (id, name, name_lower) VALUES (114, 'Ozzy Osbourne', 'ozzy osbourne');
INSERT INTO artist (id, name, name_lower) VALUES (115, 'Page & Plant', 'page & plant');
INSERT INTO artist (id, name, name_lower) VALUES (116, 'Passengers', 'passengers');
INSERT INTO artist (id, name, name_lower) VALUES (117, 'Paul D''Ianno', 'paul d''ianno');
INSERT INTO artist (id, name, name_lower) VALUES (118, 'Pearl Jam', 'pearl jam');
INSERT INTO artist (id, name, name_lower) VALUES (119, 'Peter Tosh', 'peter tosh');
INSERT INTO artist (id, name, name_lower) VALUES (120, 'Pink Floyd', 'pink floyd');
INSERT INTO artist (id, name, name_lower) VALUES (121, 'Planet Hemp', 'planet hemp');
INSERT INTO artist (id, name, name_lower) VALUES (122, 'R.E.M. Feat. Kate Pearson', 'r.e.m. feat. kate pearson');
INSERT INTO artist (id, name, name_lower) VALUES (123, 'R.E.M. Feat. KRS-One', 'r.e.m. feat. krs-one');
INSERT INTO artist (id, name, name_lower) VALUES (124, 'R.E.M.', 'r.e.m.');
INSERT INTO artist (id, name, name_lower) VALUES (125, 'Raimundos', 'raimundos');
INSERT INTO artist (id, name, name_lower) VALUES (126, 'Raul Seixas', 'raul seixas');
INSERT INTO artist (id, name, name_lower) VALUES (127, 'Red Hot Chili Peppers', 'red hot chili peppers');
INSERT INTO artist (id, name, name_lower) VALUES (128, 'Rush', 'rush');
INSERT INTO artist (id, name, name_lower) VALUES (129, 'Simply Red', 'simply red');
INSERT INTO artist (id, name, name_lower) VALUES (130, 'Skank', 'skank');
INSERT INTO artist (id, name, name_lower) VALUES (131, 'Smashing Pumpkins', 'smashing pumpkins');
INSERT INTO artist (id, name, name_lower) VALUES (132, 'Soundgarden', 'soundgarden');
INSERT INTO artist (id, name, name_lower) VALUES (133, 'Stevie Ray Vaughan & Double Trouble', 'stevie ray vaughan & double trouble');
INSERT INTO artist (id, name, name_lower) VALUES (134, 'Stone Temple Pilots', 'stone temple pilots');
INSERT INTO artist (id, name, name_lower) VALUES (135, 'System Of A Down', 'system of a down');
INSERT INTO artist (id, name, name_lower) VALUES (136, 'Terry Bozzio, Tony Levin & Steve Stevens', 'terry bozzio, tony levin & steve stevens');
INSERT INTO artist (id, name, name_lower) VALUES (137, 'The Black Crowes', 'the black crowes');
INSERT INTO artist (id, name, name_lower) VALUES (138, 'The Clash', 'the clash');
INSERT INTO artist (id, name, name_lower) VALUES (139, 'The Cult', 'the cult');
INSERT INTO artist (id, name, name_lower) VALUES (140, 'The Doors', 'the doors');
INSERT INTO artist (id, name, name_lower) VALUES (141, 'The Police', 'the police');
INSERT INTO artist (id, name, name_lower) VALUES (142, 'The Rolling Stones', 'the rolling stones');
INSERT INTO artist (id, name, name_lower) VALUES (143, 'The Tea Party', 'the tea party');
INSERT INTO artist (id, name, name_lower) VALUES (144, 'The Who', 'the who');
INSERT INTO artist (id, name, name_lower) VALUES (145, 'Tim Maia', 'tim maia');
INSERT INTO artist (id, name, name_lower) VALUES (146, 'Titãs', 'titãs');
INSERT INTO artist (id, name, name_lower) VALUES (147, 'Battlestar Galactica', 'battlestar galactica');
INSERT INTO artist (id, name, name_lower) VALUES (148, 'Heroes', 'heroes');
INSERT INTO artist (id, name, name_lower) VALUES (149, 'Lost', 'lost');
INSERT INTO artist (id, name, name_lower) VALUES (150, 'U2', 'u2');
INSERT INTO artist (id, name, name_lower) VALUES (151, 'UB40', 'ub40');
INSERT INTO artist (id, name, name_lower) VALUES (152, 'Van Halen', 'van halen');
INSERT INTO artist (id, name, name_lower) VALUES (153, 'Velvet Revolver', 'velvet revolver');
INSERT INTO artist (id, name, name_lower) VALUES (154, 'Whitesnake', 'whitesnake');
INSERT INTO artist (id, name, name_lower) VALUES (155, 'Zeca Pagodinho', 'zeca pagodinho');
INSERT INTO artist (id, name, name_lower) VALUES (156, 'The Office', 'the office');
INSERT INTO artist (id, name, name_lower) VALUES (157, 'Dread Zeppelin', 'dread zeppelin');
INSERT INTO artist (id, name, name_lower) VALUES (158, 'Battlestar Galactica (Classic)', 'battlestar galactica (classic)');
INSERT INTO artist (id, name, name_lower) VALUES (159, 'Aquaman', 'aquaman');
INSERT INTO artist (id, name, name_lower) VALUES (160, 'Christina Aguilera featuring BigElf', 'christina aguilera featuring bigelf');
INSERT INTO artist (id, name, name_lower) VALUES (161, 'Aerosmith & Sierra Leone''s Refugee Allstars', 'aerosmith & sierra leone''s refugee allstars');
INSERT INTO artist (id, name, name_lower) VALUES (162, 'Los Lonely Boys', 'los lonely boys');
INSERT INTO artist (id, name, name_lower) VALUES (163, 'Corinne Bailey Rae', 'corinne bailey rae');
INSERT INTO artist (id, name, name_lower) VALUES (164, 'Dhani Harrison & Jakob Dylan', 'dhani harrison & jakob dylan');
INSERT INTO artist (id, name, name_lower) VALUES (165, 'Jackson Browne', 'jackson browne');
INSERT INTO artist (id, name, name_lower) VALUES (166, 'Avril Lavigne', 'avril lavigne');
INSERT INTO artist (id, name, name_lower) VALUES (167, 'Big & Rich', 'big & rich');
INSERT INTO artist (id, name, name_lower) VALUES (168, 'Youssou N''Dour', 'youssou n''dour');
INSERT INTO artist (id, name, name_lower) VALUES (169, 'Black Eyed Peas', 'black eyed peas');
INSERT INTO artist (id, name, name_lower) VALUES (170, 'Jack Johnson', 'jack johnson');
INSERT INTO artist (id, name, name_lower) VALUES (171, 'Ben Harper', 'ben harper');
INSERT INTO artist (id, name, name_lower) VALUES (172, 'Snow Patrol', 'snow patrol');
INSERT INTO artist (id, name, name_lower) VALUES (173, 'Matisyahu', 'matisyahu');
INSERT INTO artist (id, name, name_lower) VALUES (174, 'The Postal Service', 'the postal service');
INSERT INTO artist (id, name, name_lower) VALUES (175, 'Jaguares', 'jaguares');
INSERT INTO artist (id, name, name_lower) VALUES (176, 'The Flaming Lips', 'the flaming lips');
INSERT INTO artist (id, name, name_lower) VALUES (177, 'Jack''s Mannequin & Mick Fleetwood', 'jack''s mannequin & mick fleetwood');
INSERT INTO artist (id, name, name_lower) VALUES (178, 'Regina Spektor', 'regina spektor');
INSERT INTO artist (id, name, name_lower) VALUES (179, 'Scorpions', 'scorpions');
INSERT INTO artist (id, name, name_lower) VALUES (180, 'House Of Pain', 'house of pain');
INSERT INTO artist (id, name, name_lower) VALUES (181, 'Xis', 'xis');
INSERT INTO artist (id, name, name_lower) VALUES (182, 'Nega Gizza', 'nega gizza');
INSERT INTO artist (id, name, name_lower) VALUES (183, 'Gustavo & Andres Veiga & Salazar', 'gustavo & andres veiga & salazar');
INSERT INTO artist (id, name, name_lower) VALUES (184, 'Rodox', 'rodox');
INSERT INTO artist (id, name, name_lower) VALUES (185, 'Charlie Brown Jr.', 'charlie brown jr.');
INSERT INTO artist (id, name, name_lower) VALUES (186, 'Pedro Luís E A Parede', 'pedro luís e a parede');
INSERT INTO artist (id, name, name_lower) VALUES (187, 'Los Hermanos', 'los hermanos');
INSERT INTO artist (id, name, name_lower) VALUES (188, 'Mundo Livre S/A', 'mundo livre s/a');
INSERT INTO artist (id, name, name_lower) VALUES (189, 'Otto', 'otto');
INSERT INTO artist (id, name, name_lower) VALUES (190, 'Instituto', 'instituto');
INSERT INTO artist (id, name, name_lower) VALUES (191, 'Nação Zumbi', 'nação zumbi');
INSERT INTO artist (id, name, name_lower) VALUES (192, 'DJ Dolores & Orchestra Santa Massa', 'dj dolores & orchestra santa massa');
INSERT INTO artist (id, name, name_lower) VALUES (193, 'Seu Jorge', 'seu jorge');
INSERT INTO artist (id, name, name_lower) VALUES (194, 'Sabotage E Instituto', 'sabotage e instituto');
INSERT INTO artist (id, name, name_lower) VALUES (195, 'Stereo Maracana', 'stereo maracana');
INSERT INTO artist (id, name, name_lower) VALUES (196, 'Cake', 'cake');
INSERT INTO artist (id, name, name_lower) VALUES (197, 'Aisha Duo', 'aisha duo');
INSERT INTO artist (id, name, name_lower) VALUES (198, 'Habib Koité and Bamada', 'habib koité and bamada');
INSERT INTO artist (id, name, name_lower) VALUES (199, 'Karsh Kale', 'karsh kale');
INSERT INTO artist (id, name, name_lower) VALUES (200, 'The Posies', 'the posies');
INSERT INTO artist (id, name, name_lower) VALUES (201, 'Luciana Souza/Romero Lubambo', 'luciana souza/romero lubambo');
INSERT INTO artist (id, name, name_lower) VALUES (202, 'Aaron Goldberg', 'aaron goldberg');
INSERT INTO artist (id, name, name_lower) VALUES (203, 'Nicolaus Esterhazy Sinfonia', 'nicolaus esterhazy sinfonia');
INSERT INTO artist (id, name, name_lower) VALUES (204, 'Temple of the Dog', 'temple of the dog');
INSERT INTO artist (id, name, name_lower) VALUES (205, 'Chris Cornell', 'chris cornell');
INSERT INTO artist (id, name, name_lower) VALUES (206, 'Alberto Turco & Nova Schola Gregoriana', 'alberto turco & nova schola gregoriana');
INSERT INTO artist (id, name, name_lower) VALUES (207, 'Richard Marlow & The Choir of Trinity College, Cambridge', 'richard marlow & the choir of trinity college, cambridge');
INSERT INTO artist (id, name, name_lower) VALUES (208, 'English Concert & Trevor Pinnock', 'english concert & trevor pinnock');
INSERT INTO artist (id, name, name_lower) VALUES (209, 'Anne-Sophie Mutter, Herbert Von Karajan & Wiener Philharmoniker', 'anne-sophie mutter, herbert von karajan & wiener philharmoniker');
INSERT INTO artist (id, name, name_lower) VALUES (210, 'Hilary Hahn, Jeffrey Kahane, Los Angeles Chamber Orchestra & Margaret Batjer', 'hilary hahn, jeffrey kahane, los angeles chamber orchestra & margaret batjer');
INSERT INTO artist (id, name, name_lower) VALUES (211, 'Wilhelm Kempff', 'wilhelm kempff');
INSERT INTO artist (id, name, name_lower) VALUES (212, 'Yo-Yo Ma', 'yo-yo ma');
INSERT INTO artist (id, name, name_lower) VALUES (213, 'Scholars Baroque Ensemble', 'scholars baroque ensemble');
INSERT INTO artist (id, name, name_lower) VALUES (214, 'Academy of St. Martin in the Fields & Sir Neville Marriner', 'academy of st. martin in the fields & sir neville marriner');
INSERT INTO artist (id, name, name_lower) VALUES (215, 'Academy of St. Martin in the Fields Chamber Ensemble & Sir Neville Marriner', 'academy of st. martin in the fields chamber ensemble & sir neville marriner');
INSERT INTO artist (id, name, name_lower) VALUES (216, 'Berliner Philharmoniker, Claudio Abbado & Sabine Meyer', 'berliner philharmoniker, claudio abbado & sabine meyer');
INSERT INTO artist (id, name, name_lower) VALUES (217, 'Royal Philharmonic Orchestra & Sir Thomas Beecham', 'royal philharmonic orchestra & sir thomas beecham');
INSERT INTO artist (id, name, name_lower) VALUES (218, 'Orchestre Révolutionnaire et Romantique & John Eliot Gardiner', 'orchestre révolutionnaire et romantique & john eliot gardiner');
INSERT INTO artist (id, name, name_lower) VALUES (219, 'Britten Sinfonia, Ivor Bolton & Lesley Garrett', 'britten sinfonia, ivor bolton & lesley garrett');
INSERT INTO artist (id, name, name_lower) VALUES (220, 'Chicago Symphony Chorus, Chicago Symphony Orchestra & Sir Georg Solti', 'chicago symphony chorus, chicago symphony orchestra & sir georg solti');
INSERT INTO artist (id, name, name_lower) VALUES (221, 'Sir Georg Solti & Wiener Philharmoniker', 'sir georg solti & wiener philharmoniker');
INSERT INTO artist (id, name, name_lower) VALUES (222, 'Academy of St. Martin in the Fields, John Birch, Sir Neville Marriner & Sylvia McNair', 'academy of st. martin in the fields, john birch, sir neville marriner & sylvia mcnair');
INSERT INTO artist (id, name, name_lower) VALUES (223, 'London Symphony Orchestra & Sir Charles Mackerras', 'london symphony orchestra & sir charles mackerras');
INSERT INTO artist (id, name, name_lower) VALUES (224, 'Barry Wordsworth & BBC Concert Orchestra', 'barry wordsworth & bbc concert orchestra');
INSERT INTO artist (id, name, name_lower) VALUES (225, 'Herbert Von Karajan, Mirella Freni & Wiener Philharmoniker', 'herbert von karajan, mirella freni & wiener philharmoniker');
INSERT INTO artist (id, name, name_lower) VALUES (226, 'Eugene Ormandy', 'eugene ormandy');
INSERT INTO artist (id, name, name_lower) VALUES (227, 'Luciano Pavarotti', 'luciano pavarotti');
INSERT INTO artist (id, name, name_lower) VALUES (228, 'Leonard Bernstein & New York Philharmonic', 'leonard bernstein & new york philharmonic');
INSERT INTO artist (id, name, name_lower) VALUES (229, 'Boston Symphony Orchestra & Seiji Ozawa', 'boston symphony orchestra & seiji ozawa');
INSERT INTO artist (id, name, name_lower) VALUES (230, 'Aaron Copland & London Symphony Orchestra', 'aaron copland & london symphony orchestra');
INSERT INTO artist (id, name, name_lower) VALUES (231, 'Ton Koopman', 'ton koopman');
INSERT INTO artist (id, name, name_lower) VALUES (232, 'Sergei Prokofiev & Yuri Temirkanov', 'sergei prokofiev & yuri temirkanov');
INSERT INTO artist (id, name, name_lower) VALUES (233, 'Chicago Symphony Orchestra & Fritz Reiner', 'chicago symphony orchestra & fritz reiner');
INSERT INTO artist (id, name, name_lower) VALUES (234, 'Orchestra of The Age of Enlightenment', 'orchestra of the age of enlightenment');
INSERT INTO artist (id, name, name_lower) VALUES (235, 'Emanuel Ax, Eugene Ormandy & Philadelphia Orchestra', 'emanuel ax, eugene ormandy & philadelphia orchestra');
INSERT INTO artist (id, name, name_lower) VALUES (236, 'James Levine', 'james levine');
INSERT INTO artist (id, name, name_lower) VALUES (237, 'Berliner Philharmoniker & Hans Rosbaud', 'berliner philharmoniker & hans rosbaud');
INSERT INTO artist (id, name, name_lower) VALUES (238, 'Maurizio Pollini', 'maurizio pollini');
INSERT INTO artist (id, name, name_lower) VALUES (239, 'Academy of St. Martin in the Fields, Sir Neville Marriner & William Bennett', 'academy of st. martin in the fields, sir neville marriner & william bennett');
INSERT INTO artist (id, name, name_lower) VALUES (240, 'Gustav Mahler', 'gustav mahler');
INSERT INTO artist (id, name, name_lower) VALUES (241, 'Felix Schmidt, London Symphony Orchestra & Rafael Frühbeck de Burgos', 'felix schmidt, london symphony orchestra & rafael frühbeck de burgos');
INSERT INTO artist (id, name, name_lower) VALUES (242, 'Edo de Waart & San Francisco Symphony', 'edo de waart & san francisco symphony');
INSERT INTO artist (id, name, name_lower) VALUES (243, 'Antal Doráti & London Symphony Orchestra', 'antal doráti & london symphony orchestra');
INSERT INTO artist (id, name, name_lower) VALUES (244, 'Choir Of Westminster Abbey & Simon Preston', 'choir of westminster abbey & simon preston');
INSERT INTO artist (id, name, name_lower) VALUES (245, 'Michael Tilson Thomas & San Francisco Symphony', 'michael tilson thomas & san francisco symphony');
INSERT INTO artist (id, name, name_lower) VALUES (246, 'Chor der Wiener Staatsoper, Herbert Von Karajan & Wiener Philharmoniker', 'chor der wiener staatsoper, herbert von karajan & wiener philharmoniker');
INSERT INTO artist (id, name, name_lower) VALUES (247, 'The King''s Singers', 'the king''s singers');
INSERT INTO artist (id, name, name_lower) VALUES (248, 'Berliner Philharmoniker & Herbert Von Karajan', 'berliner philharmoniker & herbert von karajan');
INSERT INTO artist (id, name, name_lower) VALUES (249, 'Sir Georg Solti, Sumi Jo & Wiener Philharmoniker', 'sir georg solti, sumi jo & wiener philharmoniker');
INSERT INTO artist (id, name, name_lower) VALUES (250, 'Christopher O''Riley', 'christopher o''riley');
INSERT INTO artist (id, name, name_lower) VALUES (251, 'Fretwork', 'fretwork');
INSERT INTO artist (id, name, name_lower) VALUES (252, 'Amy Winehouse', 'amy winehouse');
INSERT INTO artist (id, name, name_lower) VALUES (253, 'Calexico', 'calexico');
INSERT INTO artist (id, name, name_lower) VALUES (254, 'Otto Klemperer & Philharmonia Orchestra', 'otto klemperer & philharmonia orchestra');
INSERT INTO artist (id, name, name_lower) VALUES (255, 'Yehudi Menuhin', 'yehudi menuhin');
INSERT INTO artist (id, name, name_lower) VALUES (256, 'Philharmonia Orchestra & Sir Neville Marriner', 'philharmonia orchestra & sir neville marriner');
INSERT INTO artist (id, name, name_lower) VALUES (257, 'Academy of St. Martin in the Fields, Sir Neville Marriner & Thurston Dart', 'academy of st. martin in the fields, sir neville marriner & thurston dart');
INSERT INTO artist (id, name, name_lower) VALUES (258, 'Les Arts Florissants & William Christie', 'les arts florissants & william christie');
INSERT INTO artist (id, name, name_lower) VALUES (259, 'The 12 Cellists of The Berlin Philharmonic', 'the 12 cellists of the berlin philharmonic');
INSERT INTO artist (id, name, name_lower) VALUES (260, 'Adrian Leaper & Doreen de Feis', 'adrian leaper & doreen de feis');
INSERT INTO artist (id, name, name_lower) VALUES (261, 'Roger Norrington, London Classical Players', 'roger norrington, london classical players');
INSERT INTO artist (id, name, name_lower) VALUES (262, 'Charles Dutoit & L''Orchestre Symphonique de Montréal', 'charles dutoit & l''orchestre symphonique de montréal');
INSERT INTO artist (id, name, name_lower) VALUES (263, 'Equale Brass Ensemble, John Eliot Gardiner & Munich Monteverdi Orchestra and Choir', 'equale brass ensemble, john eliot gardiner & munich monteverdi orchestra and choir');
INSERT INTO artist (id, name, name_lower) VALUES (264, 'Kent Nagano and Orchestre de l''Opéra de Lyon', 'kent nagano and orchestre de l''opéra de lyon');
INSERT INTO artist (id, name, name_lower) VALUES (265, 'Julian Bream', 'julian bream');
INSERT INTO artist (id, name, name_lower) VALUES (266, 'Martin Roscoe', 'martin roscoe');
INSERT INTO artist (id, name, name_lower) VALUES (267, 'Göteborgs Symfoniker & Neeme Järvi', 'göteborgs symfoniker & neeme järvi');
INSERT INTO artist (id, name, name_lower) VALUES (268, 'Itzhak Perlman', 'itzhak perlman');
INSERT INTO artist (id, name, name_lower) VALUES (269, 'Michele Campanella', 'michele campanella');
INSERT INTO artist (id, name, name_lower) VALUES (270, 'Gerald Moore', 'gerald moore');
INSERT INTO artist (id, name, name_lower) VALUES (271, 'Mela Tenenbaum, Pro Musica Prague & Richard Kapp', 'mela tenenbaum, pro musica prague & richard kapp');
INSERT INTO artist (id, name, name_lower) VALUES (272, 'Emerson String Quartet', 'emerson string quartet');
INSERT INTO artist (id, name, name_lower) VALUES (273, 'C. Monteverdi, Nigel Rogers - Chiaroscuro; London Baroque; London Cornett & Sackbu', 'c. monteverdi, nigel rogers - chiaroscuro; london baroque; london cornett & sackbu');
INSERT INTO artist (id, name, name_lower) VALUES (274, 'Nash Ensemble', 'nash ensemble');
INSERT INTO artist (id, name, name_lower) VALUES (275, 'Philip Glass Ensemble', 'philip glass ensemble');

INSERT INTO album (id, title, title_lower, artist_id) VALUES (1, 'For Those About To Rock We Salute You', 'for those about to rock we salute you', 1);
INSERT INTO album (id, title, title_lower, artist_id) VALUES (2, 'Balls to the Wall', 'balls to the wall', 2);
INSERT INTO album (id, title, title_lower, artist_id) VALUES (3, 'Restless and Wild', 'restless and wild', 2);
INSERT INTO album (id, title, title_lower, artist_id) VALUES (4, 'Let There Be Rock', 'let there be rock', 1);
INSERT INTO album (id, title, title_lower, artist_id) VALUES (5, 'Big Ones', 'big ones', 3);
INSERT INTO album (id, title, title_lower, artist_id) VALUES (6, 'Jagged Little Pill', 'jagged little pill', 4);
INSERT INTO album (id, title, title_lower, artist_id) VALUES (7, 'Facelift', 'facelift', 5);
INSERT INTO album (id, title, title_lower, artist_id) VALUES (8, 'Warner 25 Anos', 'warner 25 anos', 6);
INSERT INTO album (id, title, title_lower, artist_id) VALUES (9, 'Plays Metallica By Four Cellos', 'plays metallica by four cellos', 7);
INSERT INTO album (id, title, title_lower, artist_id) VALUES (10, 'Audioslave', 'audioslave', 8);
INSERT INTO album (id, title, title_lower, artist_id) VALUES (11, 'Out Of Exile', 'out of exile', 8);
INSERT INTO album (id, title, title_lower, artist_id) VALUES (12, 'BackBeat Soundtrack', 'backbeat soundtrack', 9);
INSERT INTO album (id, title, title_lower, artist_id) VALUES (13, 'The Best Of Billy Cobham', 'the best of billy cobham', 10);
INSERT INTO album (id, title, title_lower, artist_id) VALUES (14, 'Alcohol Fueled Brewtality Live! [Disc 1]', 'alcohol fueled brewtality live! [disc 1]', 11);
INSERT INTO album (id, title, title_lower, artist_id) VALUES (15, 'Alcohol Fueled Brewtality Live! [Disc 2]', 'alcohol fueled brewtality live! [disc 2]', 11);
INSERT INTO album (id, title, title_lower, artist_id) VALUES (16, 'Black Sabbath', 'black sabbath', 12);
INSERT INTO album (id, title, title_lower, artist_id) VALUES (17, 'Black Sabbath Vol. 4 (Remaster)', 'black sabbath vol. 4 (remaster)', 12);
INSERT INTO album (id, title, title_lower, artist_id) VALUES (18, 'Body Count', 'body count', 13);
INSERT INTO album (id, title, title_lower, artist_id) VALUES (19, 'Chemical Wedding', 'chemical wedding', 14);
INSERT INTO album (id, title, title_lower, artist_id) VALUES (20, 'The Best Of Buddy Guy - The Millenium Collection', 'the best of buddy guy - the millenium collection', 15);
INSERT INTO album (id, title, title_lower, artist_id) VALUES (21, 'Prenda Minha', 'prenda minha', 16);
INSERT INTO album (id, title, title_lower, artist_id) VALUES (22, 'Sozinho Remix Ao Vivo', 'sozinho remix ao vivo', 16);
INSERT INTO album (id, title, title_lower, artist_id) VALUES (23, 'Minha Historia', 'minha historia', 17);
INSERT INTO album (id, title, title_lower, artist_id) VALUES (24, 'Afrociberdelia', 'afrociberdelia', 18);
INSERT INTO album (id, title, title_lower, artist_id) VALUES (25, 'Da Lama Ao Caos', 'da lama ao caos', 18);
INSERT INTO album (id, title, title_lower, artist_id) VALUES (26, 'Acústico MTV [Live]', 'acústico mtv [live]', 19);
INSERT INTO album (id, title, title_lower, artist_id) VALUES (27, 'Cidade Negra - Hits', 'cidade negra - hits', 19);
INSERT INTO album (id, title, title_lower, artist_id) VALUES (28, 'Na Pista', 'na pista', 20);
INSERT INTO album (id, title, title_lower, artist_id) VALUES (29, 'Axé Bahia 2001', 'axé bahia 2001', 21);
INSERT INTO album (id, title, title_lower, artist_id) VALUES (30, 'BBC Sessions [Disc 1] [Live]', 'bbc sessions [disc 1] [live]', 22);
INSERT INTO album (id, title, title_lower, artist_id) VALUES (31, 'Bongo Fury', 'bongo fury', 23);
INSERT INTO album (id, title, title_lower, artist_id) VALUES (32, 'Carnaval 2001', 'carnaval 2001', 21);
INSERT INTO album (id, title, title_lower, artist_id) VALUES (33, 'Chill: Brazil (Disc 1)', 'chill: brazil (disc 1)', 24);
INSERT INTO album (id, title, title_lower, artist_id) VALUES (34, 'Chill: Brazil (Disc 2)', 'chill: brazil (disc 2)', 6);
INSERT INTO album (id, title, title_lower, artist_id) VALUES (35, 'Garage Inc. (Disc 1)', 'garage inc. (disc 1)', 50);
INSERT INTO album (id, title, title_lower, artist_id) VALUES (36, 'Greatest Hits II', 'greatest hits ii', 51);
INSERT INTO album (id, title, title_lower, artist_id) VALUES (37, 'Greatest Kiss', 'greatest kiss', 52);
INSERT INTO album (id, title, title_lower, artist_id) VALUES (38, 'Heart of the Night', 'heart of the night', 53);
INSERT INTO album (id, title, title_lower, artist_id) VALUES (39, 'International Superhits', 'international superhits', 54);
INSERT INTO album (id, title, title_lower, artist_id) VALUES (40, 'Into The Light', 'into the light', 55);
INSERT INTO album (id, title, title_lower, artist_id) VALUES (41, 'Meus Momentos', 'meus momentos', 56);
INSERT INTO album (id, title, title_lower, artist_id) VALUES (42, 'Minha História__', 'minha história__', 57);
INSERT INTO album (id, title, title_lower, artist_id) VALUES (43, 'MK III The Final Concerts [Disc 1]', 'mk iii the final concerts [disc 1]', 58);
INSERT INTO album (id, title, title_lower, artist_id) VALUES (44, 'Physical Graffiti [Disc 1]', 'physical graffiti [disc 1]', 22);
INSERT INTO album (id, title, title_lower, artist_id) VALUES (45, 'Sambas De Enredo 2001', 'sambas de enredo 2001', 21);
INSERT INTO album (id, title, title_lower, artist_id) VALUES (46, 'Supernatural', 'supernatural', 59);
INSERT INTO album (id, title, title_lower, artist_id) VALUES (47, 'The Best of Ed Motta', 'the best of ed motta', 37);
INSERT INTO album (id, title, title_lower, artist_id) VALUES (48, 'The Essential Miles Davis [Disc 1]', 'the essential miles davis [disc 1]', 68);
INSERT INTO album (id, title, title_lower, artist_id) VALUES (49, 'The Essential Miles Davis [Disc 2]', 'the essential miles davis [disc 2]', 68);
INSERT INTO album (id, title, title_lower, artist_id) VALUES (50, 'The Final Concerts (Disc 2)', 'the final concerts (disc 2)', 58);
INSERT INTO album (id, title, title_lower, artist_id) VALUES (51, 'Up An'' Atom', 'up an'' atom', 69);
INSERT INTO album (id, title, title_lower, artist_id) VALUES (52, 'Vinícius De Moraes - Sem Limite', 'vinícius de moraes - sem limite', 70);
INSERT INTO album (id, title, title_lower, artist_id) VALUES (53, 'Vozes do MPB', 'vozes do mpb', 21);
INSERT INTO album (id, title, title_lower, artist_id) VALUES (54, 'Chronicle, Vol. 1', 'chronicle, vol. 1', 76);
INSERT INTO album (id, title, title_lower, artist_id) VALUES (55, 'Chronicle, Vol. 2', 'chronicle, vol. 2', 76);
INSERT INTO album (id, title, title_lower, artist_id) VALUES (56, 'Cássia Eller - Coleção Sem Limite [Disc 2]', 'cássia eller - coleção sem limite [disc 2]', 77);
INSERT INTO album (id, title, title_lower, artist_id) VALUES (57, 'Cássia Eller - Sem Limite [Disc 1]', 'cássia eller - sem limite [disc 1]', 77);
INSERT INTO album (id, title, title_lower, artist_id) VALUES (58, 'Come Taste The Band', 'come taste the band', 58);
INSERT INTO album (id, title, title_lower, artist_id) VALUES (59, 'Deep Purple In Rock', 'deep purple in rock', 58);
INSERT INTO album (id, title, title_lower, artist_id) VALUES (60, 'Fireball', 'fireball', 58);
INSERT INTO album (id, title, title_lower, artist_id) VALUES (61, 'Knocking at Your Back Door: The Best Of Deep Purple in the 80''s', 'knocking at your back door: the best of deep purple in the 80''s', 58);
INSERT INTO album (id, title, title_lower, artist_id) VALUES (62, 'Machine Head', 'machine head', 58);
INSERT INTO album (id, title, title_lower, artist_id) VALUES (63, 'Purpendicular', 'purpendicular', 58);
INSERT INTO album (id, title, title_lower, artist_id) VALUES (64, 'Slaves And Masters', 'slaves and masters', 58);
INSERT INTO album (id, title, title_lower, artist_id) VALUES (65, 'Stormbringer', 'stormbringer', 58);
INSERT INTO album (id, title, title_lower, artist_id) VALUES (66, 'The Battle Rages On', 'the battle rages on', 58);
INSERT INTO album (id, title, title_lower, artist_id) VALUES (67, 'Vault: Def Leppard''s Greatest Hits', 'vault: def leppard''s greatest hits', 78);
INSERT INTO album (id, title, title_lower, artist_id) VALUES (68, 'Outbreak', 'outbreak', 79);
INSERT INTO album (id, title, title_lower, artist_id) VALUES (69, 'Djavan Ao Vivo - Vol. 02', 'djavan ao vivo - vol. 02', 80);
INSERT INTO album (id, title, title_lower, artist_id) VALUES (70, 'Djavan Ao Vivo - Vol. 1', 'djavan ao vivo - vol. 1', 80);
INSERT INTO album (id, title, title_lower, artist_id) VALUES (71, 'Elis Regina-Minha História', 'elis regina-minha história', 41);
INSERT INTO album (id, title, title_lower, artist_id) VALUES (72, 'The Cream Of Clapton', 'the cream of clapton', 81);
INSERT INTO album (id, title, title_lower, artist_id) VALUES (73, 'Unplugged', 'unplugged', 81);
INSERT INTO album (id, title, title_lower, artist_id) VALUES (74, 'album Of The Year', 'album of the year', 82);
INSERT INTO album (id, title, title_lower, artist_id) VALUES (75, 'Angel Dust', 'angel dust', 82);
INSERT INTO album (id, title, title_lower, artist_id) VALUES (76, 'King For A Day Fool For A Lifetime', 'king for a day fool for a lifetime', 82);
INSERT INTO album (id, title, title_lower, artist_id) VALUES (77, 'The Real Thing', 'the real thing', 82);
INSERT INTO album (id, title, title_lower, artist_id) VALUES (78, 'Deixa Entrar', 'deixa entrar', 83);
INSERT INTO album (id, title, title_lower, artist_id) VALUES (79, 'In Your Honor [Disc 1]', 'in your honor [disc 1]', 84);
INSERT INTO album (id, title, title_lower, artist_id) VALUES (80, 'In Your Honor [Disc 2]', 'in your honor [disc 2]', 84);
INSERT INTO album (id, title, title_lower, artist_id) VALUES (81, 'One By One', 'one by one', 84);
INSERT INTO album (id, title, title_lower, artist_id) VALUES (82, 'The Colour And The Shape', 'the colour and the shape', 84);
INSERT INTO album (id, title, title_lower, artist_id) VALUES (83, 'My Way: The Best Of Frank Sinatra [Disc 1]', 'my way: the best of frank sinatra [disc 1]', 85);
INSERT INTO album (id, title, title_lower, artist_id) VALUES (84, 'Roda De Funk', 'roda de funk', 86);
INSERT INTO album (id, title, title_lower, artist_id) VALUES (85, 'As Canções de Eu Tu Eles', 'as canções de eu tu eles', 27);
INSERT INTO album (id, title, title_lower, artist_id) VALUES (86, 'Quanta Gente Veio Ver (Live)', 'quanta gente veio ver (live)', 27);
INSERT INTO album (id, title, title_lower, artist_id) VALUES (87, 'Quanta Gente Veio ver--Bônus De Carnaval', 'quanta gente veio ver--bônus de carnaval', 27);
INSERT INTO album (id, title, title_lower, artist_id) VALUES (88, 'Faceless', 'faceless', 87);
INSERT INTO album (id, title, title_lower, artist_id) VALUES (89, 'American Idiot', 'american idiot', 54);
INSERT INTO album (id, title, title_lower, artist_id) VALUES (90, 'Appetite for Destruction', 'appetite for destruction', 88);
INSERT INTO album (id, title, title_lower, artist_id) VALUES (91, 'Use Your Illusion I', 'use your illusion i', 88);
INSERT INTO album (id, title, title_lower, artist_id) VALUES (92, 'Use Your Illusion II', 'use your illusion ii', 88);
INSERT INTO album (id, title, title_lower, artist_id) VALUES (93, 'Blue Moods', 'blue moods', 89);
INSERT INTO album (id, title, title_lower, artist_id) VALUES (94, 'A Matter of Life and Death', 'a matter of life and death', 90);
INSERT INTO album (id, title, title_lower, artist_id) VALUES (95, 'A Real Dead One', 'a real dead one', 90);
INSERT INTO album (id, title, title_lower, artist_id) VALUES (96, 'A Real Live One', 'a real live one', 90);
INSERT INTO album (id, title, title_lower, artist_id) VALUES (97, 'Brave New World', 'brave new world', 90);
INSERT INTO album (id, title, title_lower, artist_id) VALUES (98, 'Dance Of Death', 'dance of death', 90);
INSERT INTO album (id, title, title_lower, artist_id) VALUES (99, 'Fear Of The Dark', 'fear of the dark', 90);
INSERT INTO album (id, title, title_lower, artist_id) VALUES (100, 'Iron Maiden', 'iron maiden', 90);
INSERT INTO album (id, title, title_lower, artist_id) VALUES (101, 'Killers', 'killers', 90);
INSERT INTO album (id, title, title_lower, artist_id) VALUES (102, 'Live After Death', 'live after death', 90);
INSERT INTO album (id, title, title_lower, artist_id) VALUES (103, 'Live At Donington 1992 (Disc 1)', 'live at donington 1992 (disc 1)', 90);
INSERT INTO album (id, title, title_lower, artist_id) VALUES (104, 'Live At Donington 1992 (Disc 2)', 'live at donington 1992 (disc 2)', 90);
INSERT INTO album (id, title, title_lower, artist_id) VALUES (105, 'No Prayer For The Dying', 'no prayer for the dying', 90);
INSERT INTO album (id, title, title_lower, artist_id) VALUES (106, 'Piece Of Mind', 'piece of mind', 90);
INSERT INTO album (id, title, title_lower, artist_id) VALUES (107, 'Powerslave', 'powerslave', 90);
INSERT INTO album (id, title, title_lower, artist_id) VALUES (108, 'Rock In Rio [CD1]', 'rock in rio [cd1]', 90);
INSERT INTO album (id, title, title_lower, artist_id) VALUES (109, 'Rock In Rio [CD2]', 'rock in rio [cd2]', 90);
INSERT INTO album (id, title, title_lower, artist_id) VALUES (110, 'Seventh Son of a Seventh Son', 'seventh son of a seventh son', 90);
INSERT INTO album (id, title, title_lower, artist_id) VALUES (111, 'Somewhere in Time', 'somewhere in time', 90);
INSERT INTO album (id, title, title_lower, artist_id) VALUES (112, 'The Number of The Beast', 'the number of the beast', 90);
INSERT INTO album (id, title, title_lower, artist_id) VALUES (113, 'The X Factor', 'the x factor', 90);
INSERT INTO album (id, title, title_lower, artist_id) VALUES (114, 'Virtual XI', 'virtual xi', 90);
INSERT INTO album (id, title, title_lower, artist_id) VALUES (115, 'Sex Machine', 'sex machine', 91);
INSERT INTO album (id, title, title_lower, artist_id) VALUES (116, 'Emergency On Planet Earth', 'emergency on planet earth', 92);
INSERT INTO album (id, title, title_lower, artist_id) VALUES (117, 'Synkronized', 'synkronized', 92);
INSERT INTO album (id, title, title_lower, artist_id) VALUES (118, 'The Return Of The Space Cowboy', 'the return of the space cowboy', 92);
INSERT INTO album (id, title, title_lower, artist_id) VALUES (119, 'Get Born', 'get born', 93);
INSERT INTO album (id, title, title_lower, artist_id) VALUES (120, 'Are You Experienced?', 'are you experienced?', 94);
INSERT INTO album (id, title, title_lower, artist_id) VALUES (121, 'Surfing with the Alien (Remastered)', 'surfing with the alien (remastered)', 95);
INSERT INTO album (id, title, title_lower, artist_id) VALUES (122, 'Jorge Ben Jor 25 Anos', 'jorge ben jor 25 anos', 46);
INSERT INTO album (id, title, title_lower, artist_id) VALUES (123, 'Jota Quest-1995', 'jota quest-1995', 96);
INSERT INTO album (id, title, title_lower, artist_id) VALUES (124, 'Cafezinho', 'cafezinho', 97);
INSERT INTO album (id, title, title_lower, artist_id) VALUES (125, 'Living After Midnight', 'living after midnight', 98);
INSERT INTO album (id, title, title_lower, artist_id) VALUES (126, 'Unplugged [Live]', 'unplugged [live]', 52);
INSERT INTO album (id, title, title_lower, artist_id) VALUES (127, 'BBC Sessions [Disc 2] [Live]', 'bbc sessions [disc 2] [live]', 22);
INSERT INTO album (id, title, title_lower, artist_id) VALUES (128, 'Coda', 'coda', 22);
INSERT INTO album (id, title, title_lower, artist_id) VALUES (129, 'Houses Of The Holy', 'houses of the holy', 22);
INSERT INTO album (id, title, title_lower, artist_id) VALUES (130, 'In Through The Out Door', 'in through the out door', 22);
INSERT INTO album (id, title, title_lower, artist_id) VALUES (131, 'IV', 'iv', 22);
INSERT INTO album (id, title, title_lower, artist_id) VALUES (132, 'Led Zeppelin I', 'led zeppelin i', 22);
INSERT INTO album (id, title, title_lower, artist_id) VALUES (133, 'Led Zeppelin II', 'led zeppelin ii', 22);
INSERT INTO album (id, title, title_lower, artist_id) VALUES (134, 'Led Zeppelin III', 'led zeppelin iii', 22);
INSERT INTO album (id, title, title_lower, artist_id) VALUES (135, 'Physical Graffiti [Disc 2]', 'physical graffiti [disc 2]', 22);
INSERT INTO album (id, title, title_lower, artist_id) VALUES (136, 'Presence', 'presence', 22);
INSERT INTO album (id, title, title_lower, artist_id) VALUES (137, 'The Song Remains The Same (Disc 1)', 'the song remains the same (disc 1)', 22);
INSERT INTO album (id, title, title_lower, artist_id) VALUES (138, 'The Song Remains The Same (Disc 2)', 'the song remains the same (disc 2)', 22);
INSERT INTO album (id, title, title_lower, artist_id) VALUES (139, 'A TempestadeTempestade Ou O Livro Dos Dias', 'a tempestadetempestade ou o livro dos dias', 99);
INSERT INTO album (id, title, title_lower, artist_id) VALUES (140, 'Mais Do Mesmo', 'mais do mesmo', 99);
INSERT INTO album (id, title, title_lower, artist_id) VALUES (141, 'Greatest Hits', 'greatest hits', 100);
INSERT INTO album (id, title, title_lower, artist_id) VALUES (142, 'Lulu Santos - RCA 100 Anos De Música - Álbum 01', 'lulu santos - rca 100 anos de música - Álbum 01', 101);
INSERT INTO album (id, title, title_lower, artist_id) VALUES (143, 'Lulu Santos - RCA 100 Anos De Música - Álbum 02', 'lulu santos - rca 100 anos de música - Álbum 02', 101);
INSERT INTO album (id, title, title_lower, artist_id) VALUES (144, 'Misplaced Childhood', 'misplaced childhood', 102);
INSERT INTO album (id, title, title_lower, artist_id) VALUES (145, 'Barulhinho Bom', 'barulhinho bom', 103);
INSERT INTO album (id, title, title_lower, artist_id) VALUES (146, 'Seek And Shall Find: More Of The Best (1963-1981)', 'seek and shall find: more of the best (1963-1981)', 104);
INSERT INTO album (id, title, title_lower, artist_id) VALUES (147, 'The Best Of Men At Work', 'the best of men at work', 105);
INSERT INTO album (id, title, title_lower, artist_id) VALUES (148, 'Black album', 'black album', 50);
INSERT INTO album (id, title, title_lower, artist_id) VALUES (149, 'Garage Inc. (Disc 2)', 'garage inc. (disc 2)', 50);
INSERT INTO album (id, title, title_lower, artist_id) VALUES (150, 'Kill ''Em All', 'kill ''em all', 50);
INSERT INTO album (id, title, title_lower, artist_id) VALUES (151, 'Load', 'load', 50);
INSERT INTO album (id, title, title_lower, artist_id) VALUES (152, 'Master Of Puppets', 'master of puppets', 50);
INSERT INTO album (id, title, title_lower, artist_id) VALUES (153, 'ReLoad', 'reload', 50);
INSERT INTO album (id, title, title_lower, artist_id) VALUES (154, 'Ride The Lightning', 'ride the lightning', 50);
INSERT INTO album (id, title, title_lower, artist_id) VALUES (155, 'St. Anger', 'st. anger', 50);
INSERT INTO album (id, title, title_lower, artist_id) VALUES (156, '...And Justice For All', '...and justice for all', 50);
INSERT INTO album (id, title, title_lower, artist_id) VALUES (157, 'Miles Ahead', 'miles ahead', 68);
INSERT INTO album (id, title, title_lower, artist_id) VALUES (158, 'Milton Nascimento Ao Vivo', 'milton nascimento ao vivo', 42);
INSERT INTO album (id, title, title_lower, artist_id) VALUES (159, 'Minas', 'minas', 42);
INSERT INTO album (id, title, title_lower, artist_id) VALUES (160, 'Ace Of Spades', 'ace of spades', 106);
INSERT INTO album (id, title, title_lower, artist_id) VALUES (161, 'Demorou...', 'demorou...', 108);
INSERT INTO album (id, title, title_lower, artist_id) VALUES (162, 'Motley Crue Greatest Hits', 'motley crue greatest hits', 109);
INSERT INTO album (id, title, title_lower, artist_id) VALUES (163, 'From The Muddy Banks Of The Wishkah [Live]', 'from the muddy banks of the wishkah [live]', 110);
INSERT INTO album (id, title, title_lower, artist_id) VALUES (164, 'Nevermind', 'nevermind', 110);
INSERT INTO album (id, title, title_lower, artist_id) VALUES (165, 'Compositores', 'compositores', 111);
INSERT INTO album (id, title, title_lower, artist_id) VALUES (166, 'Olodum', 'olodum', 112);
INSERT INTO album (id, title, title_lower, artist_id) VALUES (167, 'Acústico MTV', 'acústico mtv', 113);
INSERT INTO album (id, title, title_lower, artist_id) VALUES (168, 'Arquivo II', 'arquivo ii', 113);
INSERT INTO album (id, title, title_lower, artist_id) VALUES (169, 'Arquivo Os Paralamas Do Sucesso', 'arquivo os paralamas do sucesso', 113);
INSERT INTO album (id, title, title_lower, artist_id) VALUES (170, 'Bark at the Moon (Remastered)', 'bark at the moon (remastered)', 114);
INSERT INTO album (id, title, title_lower, artist_id) VALUES (171, 'Blizzard of Ozz', 'blizzard of ozz', 114);
INSERT INTO album (id, title, title_lower, artist_id) VALUES (172, 'Diary of a Madman (Remastered)', 'diary of a madman (remastered)', 114);
INSERT INTO album (id, title, title_lower, artist_id) VALUES (173, 'No More Tears (Remastered)', 'no more tears (remastered)', 114);
INSERT INTO album (id, title, title_lower, artist_id) VALUES (174, 'Tribute', 'tribute', 114);
INSERT INTO album (id, title, title_lower, artist_id) VALUES (175, 'Walking Into Clarksdale', 'walking into clarksdale', 115);
INSERT INTO album (id, title, title_lower, artist_id) VALUES (176, 'Original Soundtracks 1', 'original soundtracks 1', 116);
INSERT INTO album (id, title, title_lower, artist_id) VALUES (177, 'The Beast Live', 'the beast live', 117);
INSERT INTO album (id, title, title_lower, artist_id) VALUES (178, 'Live On Two Legs [Live]', 'live on two legs [live]', 118);
INSERT INTO album (id, title, title_lower, artist_id) VALUES (179, 'Pearl Jam', 'pearl jam', 118);
INSERT INTO album (id, title, title_lower, artist_id) VALUES (180, 'Riot Act', 'riot act', 118);
INSERT INTO album (id, title, title_lower, artist_id) VALUES (181, 'Ten', 'ten', 118);
INSERT INTO album (id, title, title_lower, artist_id) VALUES (182, 'Vs.', 'vs.', 118);
INSERT INTO album (id, title, title_lower, artist_id) VALUES (183, 'Dark Side Of The Moon', 'dark side of the moon', 120);
INSERT INTO album (id, title, title_lower, artist_id) VALUES (184, 'Os Cães Ladram Mas A Caravana Não Pára', 'os cães ladram mas a caravana não pára', 121);
INSERT INTO album (id, title, title_lower, artist_id) VALUES (185, 'Greatest Hits I', 'greatest hits i', 51);
INSERT INTO album (id, title, title_lower, artist_id) VALUES (186, 'News Of The World', 'news of the world', 51);
INSERT INTO album (id, title, title_lower, artist_id) VALUES (187, 'Out Of Time', 'out of time', 122);
INSERT INTO album (id, title, title_lower, artist_id) VALUES (188, 'Green', 'green', 124);
INSERT INTO album (id, title, title_lower, artist_id) VALUES (189, 'New Adventures In Hi-Fi', 'new adventures in hi-fi', 124);
INSERT INTO album (id, title, title_lower, artist_id) VALUES (190, 'The Best Of R.E.M.: The IRS Years', 'the best of r.e.m.: the irs years', 124);
INSERT INTO album (id, title, title_lower, artist_id) VALUES (191, 'Cesta Básica', 'cesta básica', 125);
INSERT INTO album (id, title, title_lower, artist_id) VALUES (192, 'Raul Seixas', 'raul seixas', 126);
INSERT INTO album (id, title, title_lower, artist_id) VALUES (193, 'Blood Sugar Sex Magik', 'blood sugar sex magik', 127);
INSERT INTO album (id, title, title_lower, artist_id) VALUES (194, 'By The Way', 'by the way', 127);
INSERT INTO album (id, title, title_lower, artist_id) VALUES (195, 'Californication', 'californication', 127);
INSERT INTO album (id, title, title_lower, artist_id) VALUES (196, 'Retrospective I (1974-1980)', 'retrospective i (1974-1980)', 128);
INSERT INTO album (id, title, title_lower, artist_id) VALUES (197, 'Santana - As Years Go By', 'santana - as years go by', 59);
INSERT INTO album (id, title, title_lower, artist_id) VALUES (198, 'Santana Live', 'santana live', 59);
INSERT INTO album (id, title, title_lower, artist_id) VALUES (199, 'Maquinarama', 'maquinarama', 130);
INSERT INTO album (id, title, title_lower, artist_id) VALUES (200, 'O Samba Poconé', 'o samba poconé', 130);
INSERT INTO album (id, title, title_lower, artist_id) VALUES (201, 'Judas 0: B-Sides and Rarities', 'judas 0: b-sides and rarities', 131);
INSERT INTO album (id, title, title_lower, artist_id) VALUES (202, 'Rotten Apples: Greatest Hits', 'rotten apples: greatest hits', 131);
INSERT INTO album (id, title, title_lower, artist_id) VALUES (203, 'A-Sides', 'a-sides', 132);
INSERT INTO album (id, title, title_lower, artist_id) VALUES (204, 'Morning Dance', 'morning dance', 53);
INSERT INTO album (id, title, title_lower, artist_id) VALUES (205, 'In Step', 'in step', 133);
INSERT INTO album (id, title, title_lower, artist_id) VALUES (206, 'Core', 'core', 134);
INSERT INTO album (id, title, title_lower, artist_id) VALUES (207, 'Mezmerize', 'mezmerize', 135);
INSERT INTO album (id, title, title_lower, artist_id) VALUES (208, '[1997] Black Light Syndrome', '[1997] black light syndrome', 136);
INSERT INTO album (id, title, title_lower, artist_id) VALUES (209, 'Live [Disc 1]', 'live [disc 1]', 137);
INSERT INTO album (id, title, title_lower, artist_id) VALUES (210, 'Live [Disc 2]', 'live [disc 2]', 137);
INSERT INTO album (id, title, title_lower, artist_id) VALUES (211, 'The Singles', 'the singles', 138);
INSERT INTO album (id, title, title_lower, artist_id) VALUES (212, 'Beyond Good And Evil', 'beyond good and evil', 139);
INSERT INTO album (id, title, title_lower, artist_id) VALUES (213, 'Pure Cult: The Best Of The Cult (For Rockers, Ravers, Lovers & Sinners) [UK]', 'pure cult: the best of the cult (for rockers, ravers, lovers & sinners) [uk]', 139);
INSERT INTO album (id, title, title_lower, artist_id) VALUES (214, 'The Doors', 'the doors', 140);
INSERT INTO album (id, title, title_lower, artist_id) VALUES (215, 'The Police Greatest Hits', 'the police greatest hits', 141);
INSERT INTO album (id, title, title_lower, artist_id) VALUES (216, 'Hot Rocks, 1964-1971 (Disc 1)', 'hot rocks, 1964-1971 (disc 1)', 142);
INSERT INTO album (id, title, title_lower, artist_id) VALUES (217, 'No Security', 'no security', 142);
INSERT INTO album (id, title, title_lower, artist_id) VALUES (218, 'Voodoo Lounge', 'voodoo lounge', 142);
INSERT INTO album (id, title, title_lower, artist_id) VALUES (219, 'Tangents', 'tangents', 143);
INSERT INTO album (id, title, title_lower, artist_id) VALUES (220, 'Transmission', 'transmission', 143);
INSERT INTO album (id, title, title_lower, artist_id) VALUES (221, 'My Generation - The Very Best Of The Who', 'my generation - the very best of the who', 144);
INSERT INTO album (id, title, title_lower, artist_id) VALUES (222, 'Serie Sem Limite (Disc 1)', 'serie sem limite (disc 1)', 145);
INSERT INTO album (id, title, title_lower, artist_id) VALUES (223, 'Serie Sem Limite (Disc 2)', 'serie sem limite (disc 2)', 145);
INSERT INTO album (id, title, title_lower, artist_id) VALUES (224, 'Acústico', 'acústico', 146);
INSERT INTO album (id, title, title_lower, artist_id) VALUES (225, 'Volume Dois', 'volume dois', 146);
INSERT INTO album (id, title, title_lower, artist_id) VALUES (226, 'Battlestar Galactica: The Story So Far', 'battlestar galactica: the story so far', 147);
INSERT INTO album (id, title, title_lower, artist_id) VALUES (227, 'Battlestar Galactica, Season 3', 'battlestar galactica, season 3', 147);
INSERT INTO album (id, title, title_lower, artist_id) VALUES (228, 'Heroes, Season 1', 'heroes, season 1', 148);
INSERT INTO album (id, title, title_lower, artist_id) VALUES (229, 'Lost, Season 3', 'lost, season 3', 149);
INSERT INTO album (id, title, title_lower, artist_id) VALUES (230, 'Lost, Season 1', 'lost, season 1', 149);
INSERT INTO album (id, title, title_lower, artist_id) VALUES (231, 'Lost, Season 2', 'lost, season 2', 149);
INSERT INTO album (id, title, title_lower, artist_id) VALUES (232, 'Achtung Baby', 'achtung baby', 150);
INSERT INTO album (id, title, title_lower, artist_id) VALUES (233, 'All That You Can''t Leave Behind', 'all that you can''t leave behind', 150);
INSERT INTO album (id, title, title_lower, artist_id) VALUES (234, 'B-Sides 1980-1990', 'b-sides 1980-1990', 150);
INSERT INTO album (id, title, title_lower, artist_id) VALUES (235, 'How To Dismantle An Atomic Bomb', 'how to dismantle an atomic bomb', 150);
INSERT INTO album (id, title, title_lower, artist_id) VALUES (236, 'Pop', 'pop', 150);
INSERT INTO album (id, title, title_lower, artist_id) VALUES (237, 'Rattle And Hum', 'rattle and hum', 150);
INSERT INTO album (id, title, title_lower, artist_id) VALUES (238, 'The Best Of 1980-1990', 'the best of 1980-1990', 150);
INSERT INTO album (id, title, title_lower, artist_id) VALUES (239, 'War', 'war', 150);
INSERT INTO album (id, title, title_lower, artist_id) VALUES (240, 'Zooropa', 'zooropa', 150);
INSERT INTO album (id, title, title_lower, artist_id) VALUES (241, 'UB40 The Best Of - Volume Two [UK]', 'ub40 the best of - volume two [uk]', 151);
INSERT INTO album (id, title, title_lower, artist_id) VALUES (242, 'Diver Down', 'diver down', 152);
INSERT INTO album (id, title, title_lower, artist_id) VALUES (243, 'The Best Of Van Halen, Vol. I', 'the best of van halen, vol. i', 152);
INSERT INTO album (id, title, title_lower, artist_id) VALUES (244, 'Van Halen', 'van halen', 152);
INSERT INTO album (id, title, title_lower, artist_id) VALUES (245, 'Van Halen III', 'van halen iii', 152);
INSERT INTO album (id, title, title_lower, artist_id) VALUES (246, 'Contraband', 'contraband', 153);
INSERT INTO album (id, title, title_lower, artist_id) VALUES (247, 'Vinicius De Moraes', 'vinicius de moraes', 72);
INSERT INTO album (id, title, title_lower, artist_id) VALUES (248, 'Ao Vivo [IMPORT]', 'ao vivo [import]', 155);
INSERT INTO album (id, title, title_lower, artist_id) VALUES (249, 'The Office, Season 1', 'the office, season 1', 156);
INSERT INTO album (id, title, title_lower, artist_id) VALUES (250, 'The Office, Season 2', 'the office, season 2', 156);
INSERT INTO album (id, title, title_lower, artist_id) VALUES (251, 'The Office, Season 3', 'the office, season 3', 156);
INSERT INTO album (id, title, title_lower, artist_id) VALUES (252, 'Un-Led-Ed', 'un-led-ed', 157);
INSERT INTO album (id, title, title_lower, artist_id) VALUES (253, 'Battlestar Galactica (Classic), Season 1', 'battlestar galactica (classic), season 1', 158);
INSERT INTO album (id, title, title_lower, artist_id) VALUES (254, 'Aquaman', 'aquaman', 159);
INSERT INTO album (id, title, title_lower, artist_id) VALUES (255, 'Instant Karma: The Amnesty International Campaign to Save Darfur', 'instant karma: the amnesty international campaign to save darfur', 150);
INSERT INTO album (id, title, title_lower, artist_id) VALUES (256, 'Speak of the Devil', 'speak of the devil', 114);
INSERT INTO album (id, title, title_lower, artist_id) VALUES (257, '20th Century Masters - The Millennium Collection: The Best of Scorpions', '20th century masters - the millennium collection: the best of scorpions', 179);
INSERT INTO album (id, title, title_lower, artist_id) VALUES (258, 'House of Pain', 'house of pain', 180);
INSERT INTO album (id, title, title_lower, artist_id) VALUES (259, 'Radio Brasil (O Som da Jovem Vanguarda) - Seleccao de Henrique Amaro', 'radio brasil (o som da jovem vanguarda) - seleccao de henrique amaro', 36);
INSERT INTO album (id, title, title_lower, artist_id) VALUES (260, 'Cake: B-Sides and Rarities', 'cake: b-sides and rarities', 196);
INSERT INTO album (id, title, title_lower, artist_id) VALUES (261, 'LOST, Season 4', 'lost, season 4', 149);
INSERT INTO album (id, title, title_lower, artist_id) VALUES (262, 'Quiet Songs', 'quiet songs', 197);
INSERT INTO album (id, title, title_lower, artist_id) VALUES (263, 'Muso Ko', 'muso ko', 198);
INSERT INTO album (id, title, title_lower, artist_id) VALUES (264, 'Realize', 'realize', 199);
INSERT INTO album (id, title, title_lower, artist_id) VALUES (265, 'Every Kind of Light', 'every kind of light', 200);
INSERT INTO album (id, title, title_lower, artist_id) VALUES (266, 'Duos II', 'duos ii', 201);
INSERT INTO album (id, title, title_lower, artist_id) VALUES (267, 'Worlds', 'worlds', 202);
INSERT INTO album (id, title, title_lower, artist_id) VALUES (268, 'The Best of Beethoven', 'the best of beethoven', 203);
INSERT INTO album (id, title, title_lower, artist_id) VALUES (269, 'Temple of the Dog', 'temple of the dog', 204);
INSERT INTO album (id, title, title_lower, artist_id) VALUES (270, 'Carry On', 'carry on', 205);
INSERT INTO album (id, title, title_lower, artist_id) VALUES (271, 'Revelations', 'revelations', 8);
INSERT INTO album (id, title, title_lower, artist_id) VALUES (272, 'Adorate Deum: Gregorian Chant from the Proper of the Mass', 'adorate deum: gregorian chant from the proper of the mass', 206);
INSERT INTO album (id, title, title_lower, artist_id) VALUES (273, 'Allegri: Miserere', 'allegri: miserere', 207);
INSERT INTO album (id, title, title_lower, artist_id) VALUES (274, 'Pachelbel: Canon & Gigue', 'pachelbel: canon & gigue', 208);
INSERT INTO album (id, title, title_lower, artist_id) VALUES (275, 'Vivaldi: The Four Seasons', 'vivaldi: the four seasons', 209);
INSERT INTO album (id, title, title_lower, artist_id) VALUES (276, 'Bach: Violin Concertos', 'bach: violin concertos', 210);
INSERT INTO album (id, title, title_lower, artist_id) VALUES (277, 'Bach: Goldberg Variations', 'bach: goldberg variations', 211);
INSERT INTO album (id, title, title_lower, artist_id) VALUES (278, 'Bach: The Cello Suites', 'bach: the cello suites', 212);
INSERT INTO album (id, title, title_lower, artist_id) VALUES (279, 'Handel: The Messiah (Highlights)', 'handel: the messiah (highlights)', 213);
INSERT INTO album (id, title, title_lower, artist_id) VALUES (280, 'The World of Classical Favourites', 'the world of classical favourites', 214);
INSERT INTO album (id, title, title_lower, artist_id) VALUES (281, 'Sir Neville Marriner: A Celebration', 'sir neville marriner: a celebration', 215);
INSERT INTO album (id, title, title_lower, artist_id) VALUES (282, 'Mozart: Wind Concertos', 'mozart: wind concertos', 216);
INSERT INTO album (id, title, title_lower, artist_id) VALUES (283, 'Haydn: Symphonies 99 - 104', 'haydn: symphonies 99 - 104', 217);
INSERT INTO album (id, title, title_lower, artist_id) VALUES (284, 'Beethoven: Symhonies Nos. 5 & 6', 'beethoven: symhonies nos. 5 & 6', 218);
INSERT INTO album (id, title, title_lower, artist_id) VALUES (285, 'A Soprano Inspired', 'a soprano inspired', 219);
INSERT INTO album (id, title, title_lower, artist_id) VALUES (286, 'Great Opera Choruses', 'great opera choruses', 220);
INSERT INTO album (id, title, title_lower, artist_id) VALUES (287, 'Wagner: Favourite Overtures', 'wagner: favourite overtures', 221);
INSERT INTO album (id, title, title_lower, artist_id) VALUES (288, 'Fauré: Requiem, Ravel: Pavane & Others', 'fauré: requiem, ravel: pavane & others', 222);
INSERT INTO album (id, title, title_lower, artist_id) VALUES (289, 'Tchaikovsky: The Nutcracker', 'tchaikovsky: the nutcracker', 223);
INSERT INTO album (id, title, title_lower, artist_id) VALUES (290, 'The Last Night of the Proms', 'the last night of the proms', 224);
INSERT INTO album (id, title, title_lower, artist_id) VALUES (291, 'Puccini: Madama Butterfly - Highlights', 'puccini: madama butterfly - highlights', 225);
INSERT INTO album (id, title, title_lower, artist_id) VALUES (292, 'Holst: The Planets, Op. 32 & Vaughan Williams: Fantasies', 'holst: the planets, op. 32 & vaughan williams: fantasies', 226);
INSERT INTO album (id, title, title_lower, artist_id) VALUES (293, 'Pavarotti''s Opera Made Easy', 'pavarotti''s opera made easy', 227);
INSERT INTO album (id, title, title_lower, artist_id) VALUES (294, 'Great Performances - Barber''s Adagio and Other Romantic Favorites for Strings', 'great performances - barber''s adagio and other romantic favorites for strings', 228);
INSERT INTO album (id, title, title_lower, artist_id) VALUES (295, 'Carmina Burana', 'carmina burana', 229);
INSERT INTO album (id, title, title_lower, artist_id) VALUES (296, 'A Copland Celebration, Vol. I', 'a copland celebration, vol. i', 230);
INSERT INTO album (id, title, title_lower, artist_id) VALUES (297, 'Bach: Toccata & Fugue in D Minor', 'bach: toccata & fugue in d minor', 231);
INSERT INTO album (id, title, title_lower, artist_id) VALUES (298, 'Prokofiev: Symphony No.1', 'prokofiev: symphony no.1', 232);
INSERT INTO album (id, title, title_lower, artist_id) VALUES (299, 'Scheherazade', 'scheherazade', 233);
INSERT INTO album (id, title, title_lower, artist_id) VALUES (300, 'Bach: The Brandenburg Concertos', 'bach: the brandenburg concertos', 234);
INSERT INTO album (id, title, title_lower, artist_id) VALUES (301, 'Chopin: Piano Concertos Nos. 1 & 2', 'chopin: piano concertos nos. 1 & 2', 235);
INSERT INTO album (id, title, title_lower, artist_id) VALUES (302, 'Mascagni: Cavalleria Rusticana', 'mascagni: cavalleria rusticana', 236);
INSERT INTO album (id, title, title_lower, artist_id) VALUES (303, 'Sibelius: Finlandia', 'sibelius: finlandia', 237);
INSERT INTO album (id, title, title_lower, artist_id) VALUES (304, 'Beethoven Piano Sonatas: Moonlight & Pastorale', 'beethoven piano sonatas: moonlight & pastorale', 238);
INSERT INTO album (id, title, title_lower, artist_id) VALUES (305, 'Great Recordings of the Century - Mahler: Das Lied von der Erde', 'great recordings of the century - mahler: das lied von der erde', 240);
INSERT INTO album (id, title, title_lower, artist_id) VALUES (306, 'Elgar: Cello Concerto & Vaughan Williams: Fantasias', 'elgar: cello concerto & vaughan williams: fantasias', 241);
INSERT INTO album (id, title, title_lower, artist_id) VALUES (307, 'Adams, John: The Chairman Dances', 'adams, john: the chairman dances', 242);
INSERT INTO album (id, title, title_lower, artist_id) VALUES (308, 'Tchaikovsky: 1812 Festival Overture, Op.49, Capriccio Italien & Beethoven: Wellington''s Victory', 'tchaikovsky: 1812 festival overture, op.49, capriccio italien & beethoven: wellington''s victory', 243);
INSERT INTO album (id, title, title_lower, artist_id) VALUES (309, 'Palestrina: Missa Papae Marcelli & Allegri: Miserere', 'palestrina: missa papae marcelli & allegri: miserere', 244);
INSERT INTO album (id, title, title_lower, artist_id) VALUES (310, 'Prokofiev: Romeo & Juliet', 'prokofiev: romeo & juliet', 245);
INSERT INTO album (id, title, title_lower, artist_id) VALUES (311, 'Strauss: Waltzes', 'strauss: waltzes', 226);
INSERT INTO album (id, title, title_lower, artist_id) VALUES (312, 'Berlioz: Symphonie Fantastique', 'berlioz: symphonie fantastique', 245);
INSERT INTO album (id, title, title_lower, artist_id) VALUES (313, 'Bizet: Carmen Highlights', 'bizet: carmen highlights', 246);
INSERT INTO album (id, title, title_lower, artist_id) VALUES (314, 'English Renaissance', 'english renaissance', 247);
INSERT INTO album (id, title, title_lower, artist_id) VALUES (315, 'Handel: Music for the Royal Fireworks (Original Version 1749)', 'handel: music for the royal fireworks (original version 1749)', 208);
INSERT INTO album (id, title, title_lower, artist_id) VALUES (316, 'Grieg: Peer Gynt Suites & Sibelius: Pelléas et Mélisande', 'grieg: peer gynt suites & sibelius: pelléas et mélisande', 248);
INSERT INTO album (id, title, title_lower, artist_id) VALUES (317, 'Mozart Gala: Famous Arias', 'mozart gala: famous arias', 249);
INSERT INTO album (id, title, title_lower, artist_id) VALUES (318, 'SCRIABIN: Vers la flamme', 'scriabin: vers la flamme', 250);
INSERT INTO album (id, title, title_lower, artist_id) VALUES (319, 'Armada: Music from the Courts of England and Spain', 'armada: music from the courts of england and spain', 251);
INSERT INTO album (id, title, title_lower, artist_id) VALUES (320, 'Mozart: Symphonies Nos. 40 & 41', 'mozart: symphonies nos. 40 & 41', 248);
INSERT INTO album (id, title, title_lower, artist_id) VALUES (321, 'Back to Black', 'back to black', 252);
INSERT INTO album (id, title, title_lower, artist_id) VALUES (322, 'Frank', 'frank', 252);
INSERT INTO album (id, title, title_lower, artist_id) VALUES (323, 'Carried to Dust (Bonus track Version)', 'carried to dust (bonus track version)', 253);
INSERT INTO album (id, title, title_lower, artist_id) VALUES (324, 'Beethoven: Symphony No. 6 ''Pastoral'' Etc.', 'beethoven: symphony no. 6 ''pastoral'' etc.', 254);
INSERT INTO album (id, title, title_lower, artist_id) VALUES (325, 'Bartok: Violin & Viola Concertos', 'bartok: violin & viola concertos', 255);
INSERT INTO album (id, title, title_lower, artist_id) VALUES (326, 'Mendelssohn: A Midsummer Night''s Dream', 'mendelssohn: a midsummer night''s dream', 256);
INSERT INTO album (id, title, title_lower, artist_id) VALUES (327, 'Bach: Orchestral Suites Nos. 1 - 4', 'bach: orchestral suites nos. 1 - 4', 257);
INSERT INTO album (id, title, title_lower, artist_id) VALUES (328, 'Charpentier: Divertissements, Airs & Concerts', 'charpentier: divertissements, airs & concerts', 258);
INSERT INTO album (id, title, title_lower, artist_id) VALUES (329, 'South American Getaway', 'south american getaway', 259);
INSERT INTO album (id, title, title_lower, artist_id) VALUES (330, 'Górecki: Symphony No. 3', 'górecki: symphony no. 3', 260);
INSERT INTO album (id, title, title_lower, artist_id) VALUES (331, 'Purcell: The Fairy Queen', 'purcell: the fairy queen', 261);
INSERT INTO album (id, title, title_lower, artist_id) VALUES (332, 'The Ultimate Relexation album', 'the ultimate relexation album', 262);
INSERT INTO album (id, title, title_lower, artist_id) VALUES (333, 'Purcell: Music for the Queen Mary', 'purcell: music for the queen mary', 263);
INSERT INTO album (id, title, title_lower, artist_id) VALUES (334, 'Weill: The Seven Deadly Sins', 'weill: the seven deadly sins', 264);
INSERT INTO album (id, title, title_lower, artist_id) VALUES (335, 'J.S. Bach: Chaconne, Suite in E Minor, Partita in E Major & Prelude, Fugue and Allegro', 'j.s. bach: chaconne, suite in e minor, partita in e major & prelude, fugue and allegro', 265);
INSERT INTO album (id, title, title_lower, artist_id) VALUES (336, 'Prokofiev: Symphony No.5 & Stravinksy: Le Sacre Du Printemps', 'prokofiev: symphony no.5 & stravinksy: le sacre du printemps', 248);
INSERT INTO album (id, title, title_lower, artist_id) VALUES (337, 'Szymanowski: Piano Works, Vol. 1', 'szymanowski: piano works, vol. 1', 266);
INSERT INTO album (id, title, title_lower, artist_id) VALUES (338, 'Nielsen: The Six Symphonies', 'nielsen: the six symphonies', 267);
INSERT INTO album (id, title, title_lower, artist_id) VALUES (339, 'Great Recordings of the Century: Paganini''s 24 Caprices', 'great recordings of the century: paganini''s 24 caprices', 268);
INSERT INTO album (id, title, title_lower, artist_id) VALUES (340, 'Liszt - 12 Études D''Execution Transcendante', 'liszt - 12 Études d''execution transcendante', 269);
INSERT INTO album (id, title, title_lower, artist_id) VALUES (341, 'Great Recordings of the Century - Shubert: Schwanengesang, 4 Lieder', 'great recordings of the century - shubert: schwanengesang, 4 lieder', 270);
INSERT INTO album (id, title, title_lower, artist_id) VALUES (342, 'Locatelli: Concertos for Violin, Strings and Continuo, Vol. 3', 'locatelli: concertos for violin, strings and continuo, vol. 3', 271);
INSERT INTO album (id, title, title_lower, artist_id) VALUES (343, 'Respighi:Pines of Rome', 'respighi:pines of rome', 226);
INSERT INTO album (id, title, title_lower, artist_id) VALUES (344, 'Schubert: The Late String Quartets & String Quintet (3 CD''s)', 'schubert: the late string quartets & string quintet (3 cd''s)', 272);
INSERT INTO album (id, title, title_lower, artist_id) VALUES (345, 'Monteverdi: L''Orfeo', 'monteverdi: l''orfeo', 273);
INSERT INTO album (id, title, title_lower, artist_id) VALUES (346, 'Mozart: Chamber Music', 'mozart: chamber music', 274);
INSERT INTO album (id, title, title_lower, artist_id) VALUES (347, 'Koyaanisqatsi (Soundtrack from the Motion Picture)', 'koyaanisqatsi (soundtrack from the motion picture)', 275);

INSERT INTO genre (id, name, name_lower) VALUES (1, 'rock', 'rock');
INSERT INTO genre (id, name, name_lower) VALUES (2, 'jazz', 'jazz');
INSERT INTO genre (id, name, name_lower) VALUES (3, 'metal', 'metal');
INSERT INTO genre (id, name, name_lower) VALUES (4, 'alternative & punk', 'alternative & punk');
INSERT INTO genre (id, name, name_lower) VALUES (5, 'rock and roll', 'rock and roll');
INSERT INTO genre (id, name, name_lower) VALUES (6, 'blues', 'blues');
INSERT INTO genre (id, name, name_lower) VALUES (7, 'latin', 'latin');
INSERT INTO genre (id, name, name_lower) VALUES (8, 'reggae', 'reggae');
INSERT INTO genre (id, name, name_lower) VALUES (9, 'pop', 'pop');
INSERT INTO genre (id, name, name_lower) VALUES (10, 'soundtrack', 'soundtrack');
INSERT INTO genre (id, name, name_lower) VALUES (11, 'bossa nova', 'bossa nova');
INSERT INTO genre (id, name, name_lower) VALUES (12, 'easy listening', 'easy listening');
INSERT INTO genre (id, name, name_lower) VALUES (13, 'heavy metal', 'heavy metal');
INSERT INTO genre (id, name, name_lower) VALUES (14, 'r&b/soul', 'r&b/soul');
INSERT INTO genre (id, name, name_lower) VALUES (15, 'electronica/dance', 'electronica/dance');
INSERT INTO genre (id, name, name_lower) VALUES (16, 'world', 'world');
INSERT INTO genre (id, name, name_lower) VALUES (17, 'hip hop/rap', 'hip hop/rap');
INSERT INTO genre (id, name, name_lower) VALUES (18, 'science fiction', 'science fiction');
INSERT INTO genre (id, name, name_lower) VALUES (19, 'tv shows', 'tv shows');
INSERT INTO genre (id, name, name_lower) VALUES (20, 'sci fi & fantasy', 'sci fi & fantasy');
INSERT INTO genre (id, name, name_lower) VALUES (21, 'drama', 'drama');
INSERT INTO genre (id, name, name_lower) VALUES (22, 'comedy', 'comedy');
INSERT INTO genre (id, name, name_lower) VALUES (23, 'alternative', 'alternative');
INSERT INTO genre (id, name, name_lower) VALUES (24, 'classical', 'classical');
INSERT INTO genre (id, name, name_lower) VALUES (25, 'opera', 'opera');

INSERT INTO media_type (id, name, name_lower) VALUES (1, 'MPEG audio file', 'mpeg audio file');
INSERT INTO media_type (id, name, name_lower) VALUES (2, 'Protected AAC audio file', 'protected aac audio file');
INSERT INTO media_type (id, name, name_lower) VALUES (3, 'Protected MPEG-4 video file', 'protected mpeg-4 video file');
INSERT INTO media_type (id, name, name_lower) VALUES (4, 'Purchased AAC audio file', 'purchased aac audio file');
INSERT INTO media_type (id, name, name_lower) VALUES (5, 'AAC audio file', 'aac audio file');

INSERT INTO playlist (id, name, name_lower) VALUES (1, 'Music', 'music');
INSERT INTO playlist (id, name, name_lower) VALUES (2, 'Movies', 'movies');
INSERT INTO playlist (id, name, name_lower) VALUES (3, 'TV Shows', 'tv shows');
INSERT INTO playlist (id, name, name_lower) VALUES (4, 'Audiobooks', 'audiobooks');
INSERT INTO playlist (id, name, name_lower) VALUES (5, '90‚Äôs Music', '90‚Äôs music');
INSERT INTO playlist (id, name, name_lower) VALUES (6, 'Other Audiobooks', 'other audiobooks');
INSERT INTO playlist (id, name, name_lower) VALUES (7, 'Other Movies', 'other movies');
INSERT INTO playlist (id, name, name_lower) VALUES (8, 'Other Music', 'other music');
INSERT INTO playlist (id, name, name_lower) VALUES (9, 'Music Videos', 'music videos');
INSERT INTO playlist (id, name, name_lower) VALUES (10, 'Other TV Shows', 'other tv shows');
INSERT INTO playlist (id, name, name_lower) VALUES (11, 'Brazilian Music', 'brazilian music');
INSERT INTO playlist (id, name, name_lower) VALUES (12, 'Classical', 'classical');
INSERT INTO playlist (id, name, name_lower) VALUES (13, 'Classical 101 - Deep Cuts', 'classical 101 - deep cuts');
INSERT INTO playlist (id, name, name_lower) VALUES (14, 'Classical 101 - Next Steps', 'classical 101 - next steps');
INSERT INTO playlist (id, name, name_lower) VALUES (15, 'Classical 101 - The Basics', 'classical 101 - the basics');
INSERT INTO playlist (id, name, name_lower) VALUES (16, 'Grunge', 'grunge');
INSERT INTO playlist (id, name, name_lower) VALUES (17, 'Heavy Metal Classic', 'heavy metal classic');
INSERT INTO playlist (id, name, name_lower) VALUES (18, 'On-The-Go 1', 'on-the-go 1');
